fecha,tipo,archivo,carpeta,estado,filas
2024-05-01,A,Prog_Diaria_Inicial_Aislado_010524.xlsx,2024,ok,24
2024-05-01,F,Prog_Diaria010524.xlsx,2024,ok,24
2024-05-02,A,Prog_Diaria_Inicial_Aislado_020524.xlsx,2024,ok,24
2024-05-02,F,Prog_Diaria020524.xlsx,2024,ok,24
2024-05-03,A,Prog_Diaria_Inicial_Aislado_030524.xlsx,2024,ok,24
2024-05-03,F,Prog_Diaria030524.xlsx,2024,ok,24
2024-05-04,A,Prog_Diaria_Inicial_Aislado_040524.xlsx,2024,ok,24
2024-05-04,F,Prog_Diaria040524.xlsx,2024,ok,24
2024-05-05,A,Prog_Diaria_Inicial_Aislado_050524.xlsx,2024,ok,24
2024-05-05,F,Prog_Diaria050524.xlsx,2024,ok,24
2024-05-06,A,Prog_Diaria_Inicial_Aislado_060524.xlsx,2024,ok,24
2024-05-06,F,Prog_Diaria060524.xlsx,2024,ok,24
2024-05-07,A,Prog_Diaria_Inicial_Aislado_070524.xlsx,2024,ok,24
2024-05-07,F,Prog_Diaria070524.xlsx,2024,ok,24
2024-05-08,A,Prog_Diaria_Inicial_Aislado_080524.xlsx,2024,ok,24
2024-05-08,F,Prog_Diaria080524.xlsx,2024,ok,24
2024-05-09,A,Prog_Diaria_Inicial_Aislado_090524.xlsx,2024,ok,24
2024-05-09,F,Prog_Diaria090524.xlsx,2024,ok,24
2024-05-10,A,Prog_Diaria_Inicial_Aislado_100524.xlsx,2024,ok,24
2024-05-10,F,Prog_Diaria100524.xlsx,2024,ok,24
2024-05-11,A,Prog_Diaria_Inicial_Aislado_110524.xlsx,2024,ok,24
2024-05-11,F,Prog_Diaria110524.xlsx,2024,ok,24
2024-05-12,A,Prog_Diaria_Inicial_Aislado_120524.xlsx,2024,ok,24
2024-05-12,F,Prog_Diaria120524.xlsx,2024,ok,24
2024-05-13,A,Prog_Diaria_Inicial_Aislado_130524.xlsx,2024,ok,24
2024-05-13,F,Prog_Diaria130524.xlsx,2024,ok,24
2024-05-14,A,Prog_Diaria_Inicial_Aislado_140524.xlsx,2024,ok,24
2024-05-14,F,Prog_Diaria140524.xlsx,2024,ok,24
2024-05-15,A,Prog_Diaria_Inicial_Aislado_150524.xlsx,2024,ok,24
2024-05-15,F,Prog_Diaria150524.xlsx,2024,ok,24
2024-05-16,A,Prog_Diaria_Inicial_Aislado_160524.xlsx,2024,ok,24
2024-05-16,F,Prog_Diaria160524.xlsx,2024,ok,24
2024-05-17,A,Prog_Diaria_Inicial_Aislado_170524.xlsx,2024,ok,24
2024-05-17,F,Prog_Diaria170524.xlsx,2024,ok,24
2024-05-18,A,Prog_Diaria_Inicial_Aislado_180524.xlsx,2024,ok,24
2024-05-18,F,Prog_Diaria180524.xlsx,2024,ok,24
2024-05-19,A,Prog_Diaria_Inicial_Aislado_190524.xlsx,2024,ok,24
2024-05-19,F,Prog_Diaria190524.xlsx,2024,ok,24
2024-05-20,A,Prog_Diaria_Inicial_Aislado_200524.xlsx,2024,ok,24
2024-05-20,F,Prog_Diaria200524.xlsx,2024,ok,24
2024-05-21,A,Prog_Diaria_Inicial_Aislado_210524.xlsx,2024,ok,24
2024-05-21,F,Prog_Diaria210524.xlsx,2024,ok,24
2024-05-22,A,Prog_Diaria_Inicial_Aislado_220524.xlsx,2024,ok,24
2024-05-22,F,Prog_Diaria220524.xlsx,2024,ok,24
2024-05-23,A,Prog_Diaria_Inicial_Aislado_230524.xlsx,2024,ok,24
2024-05-23,F,Prog_Diaria230524.xlsx,2024,ok,24
2024-05-24,A,Prog_Diaria_Inicial_Aislado_240524.xlsx,2024,ok,24
2024-05-24,F,Prog_Diaria240524.xlsx,2024,ok,24
2024-05-25,A,Prog_Diaria_Inicial_Aislado_250524.xlsx,2024,ok,24
2024-05-25,F,Prog_Diaria250524.xlsx,2024,ok,24
2024-05-26,A,Prog_Diaria_Inicial_Aislado_260524.xlsx,2024,ok,24
2024-05-26,F,Prog_Diaria260524.xlsx,2024,ok,24
2024-05-27,A,Prog_Diaria_Inicial_Aislado_270524.xlsx,2024,ok,24
2024-05-27,F,Prog_Diaria270524.xlsx,2024,ok,24
2024-05-28,A,Prog_Diaria_Inicial_Aislado_280524.xlsx,2024,ok,24
2024-05-28,F,Prog_Diaria280524.xlsx,2024,ok,24
2024-05-29,A,Prog_Diaria_Inicial_Aislado_290524.xlsx,2024,ok,24
2024-05-29,F,Prog_Diaria290524.xlsx,2024,ok,24
2024-05-30,A,Prog_Diaria_Inicial_Aislado_300524.xlsx,2024,ok,24
2024-05-30,F,Prog_Diaria300524.xlsx,2024,ok,24
2024-05-31,A,Prog_Diaria_Inicial_Aislado_310524.xlsx,2024,ok,24
2024-05-31,F,Prog_Diaria310524.xlsx,2024,ok,24
2024-06-01,A,Prog_Diaria_Inicial_Aislado_010624.xlsx,2024,ok,24
2024-06-01,F,Prog_Diaria010624.xlsx,2024,ok,24
2024-06-02,A,Prog_Diaria_Inicial_Aislado_020624.xlsx,2024,ok,24
2024-06-02,F,Prog_Diaria020624.xlsx,2024,ok,24
2024-06-03,A,Prog_Diaria_Inicial_Aislado_030624.xlsx,2024,ok,24
2024-06-03,F,Prog_Diaria030624.xlsx,2024,ok,24
2024-06-04,A,Prog_Diaria_Inicial_Aislado_040624.xlsx,2024,ok,24
2024-06-04,F,Prog_Diaria040624.xlsx,2024,ok,24
2024-06-05,A,Prog_Diaria_Inicial_Aislado_050624.xlsx,2024,ok,24
2024-06-05,F,Prog_Diaria050624.xlsx,2024,ok,24
2024-06-06,A,Prog_Diaria_Inicial_Aislado_060624.xlsx,2024,ok,24
2024-06-06,F,Prog_Diaria060624.xlsx,2024,ok,24
2024-06-07,A,Prog_Diaria_Inicial_Aislado_070624.xlsx,2024,ok,24
2024-06-07,F,Prog_Diaria070624.xlsx,2024,ok,24
2024-06-08,A,Prog_Diaria_Inicial_Aislado_080624.xlsx,2024,ok,24
2024-06-08,F,Prog_Diaria080624.xlsx,2024,ok,24
2024-06-09,A,Prog_Diaria_Inicial_Aislado_090624.xlsx,2024,ok,24
2024-06-09,F,Prog_Diaria090624.xlsx,2024,ok,24
2024-06-10,A,Prog_Diaria_Inicial_Aislado_100624.xlsx,2024,ok,24
2024-06-10,F,Prog_Diaria100624.xlsx,2024,ok,24
2024-06-11,A,Prog_Diaria_Inicial_Aislado_110624.xlsx,2024,ok,24
2024-06-11,F,Prog_Diaria110624.xlsx,2024,ok,24
2024-06-12,A,Prog_Diaria_Inicial_Aislado_120624.xlsx,2024,ok,24
2024-06-12,F,Prog_Diaria120624.xlsx,2024,ok,24
2024-06-13,A,Prog_Diaria_Inicial_Aislado_130624.xlsx,2024,ok,24
2024-06-13,F,Prog_Diaria130624.xlsx,2024,ok,24
2024-06-14,A,Prog_Diaria_Inicial_Aislado_140624.xlsx,2024,ok,24
2024-06-14,F,Prog_Diaria140624.xlsx,2024,ok,24
2024-06-15,A,Prog_Diaria_Inicial_Aislado_150624.xlsx,2024,ok,24
2024-06-15,F,Prog_Diaria150624.xlsx,2024,ok,24
2024-06-16,A,Prog_Diaria_Inicial_Aislado_160624.xlsx,2024,ok,24
2024-06-16,F,Prog_Diaria160624.xlsx,2024,ok,24
2024-06-17,A,Prog_Diaria_Inicial_Aislado_170624.xlsx,2024,ok,24
2024-06-17,F,Prog_Diaria170624.xlsx,2024,ok,24
2024-06-18,A,Prog_Diaria_Inicial_Aislado_180624.xlsx,2024,ok,24
2024-06-18,F,Prog_Diaria180624.xlsx,2024,ok,24
2024-06-19,A,Prog_Diaria_Inicial_Aislado_190624.xlsx,2024,ok,24
2024-06-19,F,Prog_Diaria190624.xlsx,2024,ok,24
2024-06-20,A,Prog_Diaria_Inicial_Aislado_200624.xlsx,2024,ok,24
2024-06-20,F,Prog_Diaria200624.xlsx,2024,ok,24
2024-06-21,A,Prog_Diaria_Inicial_Aislado_210624.xlsx,2024,ok,24
2024-06-21,F,Prog_Diaria210624.xlsx,2024,ok,24
2024-06-22,A,Prog_Diaria_Inicial_Aislado_220624.xlsx,2024,ok,24
2024-06-22,F,Prog_Diaria220624.xlsx,2024,ok,24
2024-06-23,A,Prog_Diaria_Inicial_Aislado_230624.xlsx,2024,ok,24
2024-06-23,F,Prog_Diaria230624.xlsx,2024,ok,24
2024-06-24,A,Prog_Diaria_Inicial_Aislado_240624.xlsx,2024,ok,24
2024-06-24,F,Prog_Diaria240624.xlsx,2024,ok,24
2024-06-25,A,Prog_Diaria_Inicial_Aislado_250624.xlsx,2024,ok,24
2024-06-25,F,Prog_Diaria250624.xlsx,2024,ok,24
2024-06-26,A,Prog_Diaria_Inicial_Aislado_260624.xlsx,2024,ok,24
2024-06-26,F,Prog_Diaria260624.xlsx,2024,ok,24
2024-06-27,A,Prog_Diaria_Inicial_Aislado_270624.xlsx,2024,ok,24
2024-06-27,F,Prog_Diaria270624.xlsx,2024,ok,24
2024-06-28,A,Prog_Diaria_Inicial_Aislado_280624.xlsx,2024,ok,24
2024-06-28,F,Prog_Diaria280624.xlsx,2024,ok,24
2024-06-29,A,Prog_Diaria_Inicial_Aislado_290624.xlsx,2024,ok,24
2024-06-29,F,Prog_Diaria290624.xlsx,2024,ok,24
2024-06-30,A,Prog_Diaria_Inicial_Aislado_300624.xlsx,2024,ok,24
2024-06-30,F,Prog_Diaria300624.xlsx,2024,ok,24
2024-07-01,A,Prog_Diaria_Inicial_Aislado_010724.xlsx,2024,ok,24
2024-07-01,F,Prog_Diaria010724.xlsx,2024,ok,24
2024-07-02,A,Prog_Diaria_Inicial_Aislado_020724.xlsx,2024,ok,24
2024-07-02,F,Prog_Diaria020724.xlsx,2024,ok,24
2024-07-03,A,Prog_Diaria_Inicial_Aislado_030724.xlsx,2024,ok,24
2024-07-03,F,Prog_Diaria030724.xlsx,2024,ok,24
2024-07-04,A,Prog_Diaria_Inicial_Aislado_040724.xlsx,2024,ok,24
2024-07-04,F,Prog_Diaria040724.xlsx,2024,ok,24
2024-07-05,A,Prog_Diaria_Inicial_Aislado_050724.xlsx,2024,ok,24
2024-07-05,F,Prog_Diaria050724.xlsx,2024,ok,24
2024-07-06,A,Prog_Diaria_Inicial_Aislado_060724.xlsx,2024,ok,24
2024-07-06,F,Prog_Diaria060724.xlsx,2024,ok,24
2024-07-07,A,Prog_Diaria_Inicial_Aislado_070724.xlsx,2024,ok,24
2024-07-07,F,Prog_Diaria070724.xlsx,2024,ok,24
2024-07-08,A,Prog_Diaria_Inicial_Aislado_080724.xlsx,2024,ok,24
2024-07-08,F,Prog_Diaria080724.xlsx,2024,ok,24
2024-07-09,A,Prog_Diaria_Inicial_Aislado_090724.xlsx,2024,ok,24
2024-07-09,F,Prog_Diaria090724.xlsx,2024,ok,24
2024-07-10,A,Prog_Diaria_Inicial_Aislado_100724.xlsx,2024,ok,24
2024-07-10,F,Prog_Diaria100724.xlsx,2024,ok,24
2024-07-11,A,Prog_Diaria_Inicial_Aislado_110724.xlsx,2024,ok,24
2024-07-11,F,Prog_Diaria110724.xlsx,2024,ok,24
2024-07-12,A,Prog_Diaria_Inicial_Aislado_120724.xlsx,2024,ok,24
2024-07-12,F,Prog_Diaria120724.xlsx,2024,ok,24
2024-07-13,A,Prog_Diaria_Inicial_Aislado_130724.xlsx,2024,ok,24
2024-07-13,F,Prog_Diaria130724.xlsx,2024,ok,24
2024-07-14,A,Prog_Diaria_Inicial_Aislado_140724.xlsx,2024,ok,24
2024-07-14,F,Prog_Diaria140724.xlsx,2024,ok,24
2024-07-15,A,Prog_Diaria_Inicial_Aislado_150724.xlsx,2024,ok,24
2024-07-15,F,Prog_Diaria150724.xlsx,2024,ok,24
2024-07-16,A,Prog_Diaria_Inicial_Aislado_160724.xlsx,2024,ok,24
2024-07-16,F,Prog_Diaria160724.xlsx,2024,ok,24
2024-07-17,A,Prog_Diaria_Inicial_Aislado_170724.xlsx,2024,ok,24
2024-07-17,F,Prog_Diaria170724.xlsx,2024,ok,24
2024-07-18,A,Prog_Diaria_Inicial_Aislado_180724.xlsx,2024,ok,24
2024-07-18,F,Prog_Diaria180724.xlsx,2024,ok,24
2024-07-19,A,Prog_Diaria_Inicial_Aislado_190724.xlsx,2024,ok,24
2024-07-19,F,Prog_Diaria190724.xlsx,2024,ok,24
2024-07-20,A,Prog_Diaria_Inicial_Aislado_200724.xlsx,2024,ok,24
2024-07-20,F,Prog_Diaria200724.xlsx,2024,ok,24
2024-07-21,A,Prog_Diaria_Inicial_Aislado_210724.xlsx,2024,ok,24
2024-07-21,F,Prog_Diaria210724.xlsx,2024,ok,24
2024-07-22,A,Prog_Diaria_Inicial_Aislado_220724.xlsx,2024,ok,24
2024-07-22,F,Prog_Diaria220724.xlsx,2024,ok,24
2024-07-23,A,Prog_Diaria_Inicial_Aislado_230724.xlsx,2024,ok,24
2024-07-23,F,Prog_Diaria230724.xlsx,2024,ok,24
2024-07-24,A,Prog_Diaria_Inicial_Aislado_240724.xlsx,2024,ok,24
2024-07-24,F,Prog_Diaria240724.xlsx,2024,ok,24
2024-07-25,A,Prog_Diaria_Inicial_Aislado_250724.xlsx,2024,ok,24
2024-07-25,F,Prog_Diaria250724.xlsx,2024,ok,24
2024-07-26,A,Prog_Diaria_Inicial_Aislado_260724.xlsx,2024,ok,24
2024-07-26,F,Prog_Diaria260724.xlsx,2024,ok,24
2024-07-27,A,Prog_Diaria_Inicial_Aislado_270724.xlsx,2024,ok,24
2024-07-27,F,Prog_Diaria270724.xlsx,2024,ok,24
2024-07-28,A,Prog_Diaria_Inicial_Aislado_280724.xlsx,2024,ok,24
2024-07-28,F,Prog_Diaria280724.xlsx,2024,ok,24
2024-07-29,A,Prog_Diaria_Inicial_Aislado_290724.xlsx,2024,ok,24
2024-07-29,F,Prog_Diaria290724.xlsx,2024,ok,24
2024-07-30,A,Prog_Diaria_Inicial_Aislado_300724.xlsx,2024,ok,24
2024-07-30,F,Prog_Diaria300724.xlsx,2024,ok,24
2024-07-31,A,Prog_Diaria_Inicial_Aislado_310724.xlsx,2024,ok,24
2024-07-31,F,Prog_Diaria310724.xlsx,2024,ok,24
2024-08-01,A,Prog_Diaria_Inicial_Aislado_010824.xlsx,2024,ok,24
2024-08-01,F,Prog_Diaria010824.xlsx,2024,ok,24
2024-08-02,A,Prog_Diaria_Inicial_Aislado_020824.xlsx,2024,ok,24
2024-08-02,F,Prog_Diaria020824.xlsx,2024,ok,24
2024-08-03,A,Prog_Diaria_Inicial_Aislado_030824.xlsx,2024,ok,24
2024-08-03,F,Prog_Diaria030824.xlsx,2024,ok,24
2024-08-04,A,Prog_Diaria_Inicial_Aislado_040824.xlsx,2024,ok,24
2024-08-04,F,Prog_Diaria040824.xlsx,2024,ok,24
2024-08-05,A,Prog_Diaria_Inicial_Aislado_050824.xlsx,2024,ok,24
2024-08-05,F,Prog_Diaria050824.xlsx,2024,ok,24
2024-08-06,A,Prog_Diaria_Inicial_Aislado_060824.xlsx,2024,ok,24
2024-08-06,F,Prog_Diaria060824.xlsx,2024,ok,24
2024-08-07,A,Prog_Diaria_Inicial_Aislado_070824.xlsx,2024,ok,24
2024-08-07,F,Prog_Diaria070824.xlsx,2024,ok,24
2024-08-08,A,Prog_Diaria_Inicial_Aislado_080824.xlsx,2024,ok,24
2024-08-08,F,Prog_Diaria080824.xlsx,2024,ok,24
2024-08-09,A,Prog_Diaria_Inicial_Aislado_090824.xlsx,2024,ok,24
2024-08-09,F,Prog_Diaria090824.xlsx,2024,ok,24
2024-08-10,A,Prog_Diaria_Inicial_Aislado_100824.xlsx,2024,ok,24
2024-08-10,F,Prog_Diaria100824.xlsx,2024,ok,24
2024-08-11,A,Prog_Diaria_Inicial_Aislado_110824.xlsx,2024,ok,24
2024-08-11,F,Prog_Diaria110824.xlsx,2024,ok,24
2024-08-12,A,Prog_Diaria_Inicial_Aislado_120824.xlsx,2024,ok,24
2024-08-12,F,Prog_Diaria120824.xlsx,2024,ok,24
2024-08-13,A,Prog_Diaria_Inicial_Aislado_130824.xlsx,2024,ok,24
2024-08-13,F,Prog_Diaria130824.xlsx,2024,ok,24
2024-08-14,A,Prog_Diaria_Inicial_Aislado_140824.xlsx,2024,ok,24
2024-08-14,F,Prog_Diaria140824.xlsx,2024,ok,24
2024-08-15,A,Prog_Diaria_Inicial_Aislado_150824.xlsx,2024,ok,24
2024-08-15,F,Prog_Diaria150824.xlsx,2024,ok,24
2024-08-16,A,Prog_Diaria_Inicial_Aislado_160824.xlsx,2024,ok,24
2024-08-16,F,Prog_Diaria160824.xlsx,2024,ok,24
2024-08-17,A,Prog_Diaria_Inicial_Aislado_170824.xlsx,2024,ok,24
2024-08-17,F,Prog_Diaria170824.xlsx,2024,ok,24
2024-08-18,A,Prog_Diaria_Inicial_Aislado_180824.xlsx,2024,ok,24
2024-08-18,F,Prog_Diaria180824.xlsx,2024,ok,24
2024-08-19,A,Prog_Diaria_Inicial_Aislado_190824.xlsx,2024,ok,24
2024-08-19,F,Prog_Diaria190824.xlsx,2024,ok,24
2024-08-20,A,Prog_Diaria_Inicial_Aislado_200824.xlsx,2024,ok,24
2024-08-20,F,Prog_Diaria200824.xlsx,2024,ok,24
2024-08-21,A,Prog_Diaria_Inicial_Aislado_210824.xlsx,2024,ok,24
2024-08-21,F,Prog_Diaria210824.xlsx,2024,ok,24
2024-08-22,A,Prog_Diaria_Inicial_Aislado_220824.xlsx,2024,ok,24
2024-08-22,F,Prog_Diaria220824.xlsx,2024,ok,24
2024-08-23,A,Prog_Diaria_Inicial_Aislado_230824.xlsx,2024,ok,24
2024-08-23,F,Prog_Diaria230824.xlsx,2024,ok,24
2024-08-24,A,Prog_Diaria_Inicial_Aislado_240824.xlsx,2024,ok,24
2024-08-24,F,Prog_Diaria240824.xlsx,2024,ok,24
2024-08-25,A,Prog_Diaria_Inicial_Aislado_250824.xlsx,2024,ok,24
2024-08-25,F,Prog_Diaria250824.xlsx,2024,ok,24
2024-08-26,A,Prog_Diaria_Inicial_Aislado_260824.xlsx,2024,ok,24
2024-08-26,F,Prog_Diaria260824.xlsx,2024,ok,24
2024-08-27,A,Prog_Diaria_Inicial_Aislado_270824.xlsx,2024,ok,24
2024-08-27,F,Prog_Diaria270824.xlsx,2024,ok,24
2024-08-28,A,Prog_Diaria_Inicial_Aislado_280824.xlsx,2024,ok,24
2024-08-28,F,Prog_Diaria280824.xlsx,2024,ok,24
2024-08-29,A,Prog_Diaria_Inicial_Aislado_290824.xlsx,2024,ok,24
2024-08-29,F,Prog_Diaria290824.xlsx,2024,ok,24
2024-08-30,A,Prog_Diaria_Inicial_Aislado_300824.xlsx,2024,ok,24
2024-08-30,F,Prog_Diaria300824.xlsx,2024,ok,24
2024-08-31,A,Prog_Diaria_Inicial_Aislado_310824.xlsx,2024,ok,24
2024-08-31,F,Prog_Diaria310824.xlsx,2024,ok,24
2024-09-01,A,Prog_Diaria_Inicial_Aislado_010924.xlsx,2024,ok,24
2024-09-01,F,Prog_Diaria010924.xlsx,2024,ok,24
2024-09-02,A,Prog_Diaria_Inicial_Aislado_020924.xlsx,2024,ok,24
2024-09-02,F,Prog_Diaria020924.xlsx,2024,ok,24
2024-09-03,A,Prog_Diaria_Inicial_Aislado_030924.xlsx,2024,ok,24
2024-09-03,F,Prog_Diaria030924.xlsx,2024,ok,24
2024-09-04,A,Prog_Diaria_Inicial_Aislado_040924.xlsx,2024,ok,24
2024-09-04,F,Prog_Diaria040924.xlsx,2024,ok,24
2024-09-05,A,Prog_Diaria_Inicial_Aislado_050924.xlsx,2024,ok,24
2024-09-05,F,Prog_Diaria050924.xlsx,2024,ok,24
2024-09-06,A,Prog_Diaria_Inicial_Aislado_060924.xlsx,2024,ok,24
2024-09-06,F,Prog_Diaria060924.xlsx,2024,ok,24
2024-09-07,A,Prog_Diaria_Inicial_Aislado_070924.xlsx,2024,ok,24
2024-09-07,F,Prog_Diaria070924.xlsx,2024,ok,24
2024-09-08,A,Prog_Diaria_Inicial_Aislado_080924.xlsx,2024,ok,24
2024-09-08,F,Prog_Diaria080924.xlsx,2024,ok,24
2024-09-09,A,Prog_Diaria_Inicial_Aislado_090924.xlsx,2024,ok,24
2024-09-09,F,Prog_Diaria090924.xlsx,2024,ok,24
2024-09-10,A,Prog_Diaria_Inicial_Aislado_100924.xlsx,2024,ok,24
2024-09-10,F,Prog_Diaria100924.xlsx,2024,ok,24
2024-09-11,A,Prog_Diaria_Inicial_Aislado_110924.xlsx,2024,ok,24
2024-09-11,F,Prog_Diaria110924.xlsx,2024,ok,24
2024-09-12,A,Prog_Diaria_Inicial_Aislado_120924.xlsx,2024,ok,24
2024-09-12,F,Prog_Diaria120924.xlsx,2024,ok,24
2024-09-13,A,Prog_Diaria_Inicial_Aislado_130924.xlsx,2024,ok,24
2024-09-13,F,Prog_Diaria130924.xlsx,2024,ok,24
2024-09-14,A,Prog_Diaria_Inicial_Aislado_140924.xlsx,2024,ok,24
2024-09-14,F,Prog_Diaria140924.xlsx,2024,ok,24
2024-09-15,A,Prog_Diaria_Inicial_Aislado_150924.xlsx,2024,ok,24
2024-09-15,F,Prog_Diaria150924.xlsx,2024,ok,24
2024-09-16,A,Prog_Diaria_Inicial_Aislado_160924.xlsx,2024,ok,24
2024-09-16,F,Prog_Diaria160924.xlsx,2024,ok,24
2024-09-17,A,Prog_Diaria_Inicial_Aislado_170924.xlsx,2024,ok,24
2024-09-17,F,Prog_Diaria170924.xlsx,2024,ok,24
2024-09-18,A,Prog_Diaria_Inicial_Aislado_180924.xlsx,2024,ok,24
2024-09-18,F,Prog_Diaria180924.xlsx,2024,ok,24
2024-09-19,A,Prog_Diaria_Inicial_Aislado_190924.xlsx,2024,ok,24
2024-09-19,F,Prog_Diaria190924.xlsx,2024,ok,24
2024-09-20,A,Prog_Diaria_Inicial_Aislado_200924.xlsx,2024,ok,24
2024-09-20,F,Prog_Diaria200924.xlsx,2024,ok,24
2024-09-21,A,Prog_Diaria_Inicial_Aislado_210924.xlsx,2024,ok,24
2024-09-21,F,Prog_Diaria210924.xlsx,2024,ok,24
2024-09-22,A,Prog_Diaria_Inicial_Aislado_220924.xlsx,2024,ok,24
2024-09-22,F,Prog_Diaria220924.xlsx,2024,ok,24
2024-09-23,A,Prog_Diaria_Inicial_Aislado_230924.xlsx,2024,ok,24
2024-09-23,F,Prog_Diaria230924.xlsx,2024,ok,24
2024-09-24,A,Prog_Diaria_Inicial_Aislado_240924.xlsx,2024,ok,24
2024-09-24,F,Prog_Diaria240924.xlsx,2024,ok,24
2024-09-25,A,Prog_Diaria_Inicial_Aislado_250924.xlsx,2024,ok,24
2024-09-25,F,Prog_Diaria250924.xlsx,2024,ok,24
2024-09-26,A,Prog_Diaria_Inicial_Aislado_260924.xlsx,2024,ok,24
2024-09-26,F,Prog_Diaria260924.xlsx,2024,ok,24
2024-09-27,A,Prog_Diaria_Inicial_Aislado_270924.xlsx,2024,ok,24
2024-09-27,F,Prog_Diaria270924.xlsx,2024,ok,24
2024-09-28,A,Prog_Diaria_Inicial_Aislado_280924.xlsx,2024,ok,24
2024-09-28,F,Prog_Diaria280924.xlsx,2024,ok,24
2024-09-29,A,Prog_Diaria_Inicial_Aislado_290924.xlsx,2024,ok,24
2024-09-29,F,Prog_Diaria290924.xlsx,2024,ok,24
2024-09-30,A,Prog_Diaria_Inicial_Aislado_300924.xlsx,2024,ok,24
2024-09-30,F,Prog_Diaria300924.xlsx,2024,ok,24
2024-10-01,A,Prog_Diaria_Inicial_Aislado_011024.xlsx,2024,ok,24
2024-10-01,F,Prog_Diaria011024.xlsx,2024,ok,24
2024-10-02,A,Prog_Diaria_Inicial_Aislado_021024.xlsx,2024,ok,24
2024-10-02,F,Prog_Diaria021024.xlsx,2024,ok,24
2024-10-03,A,Prog_Diaria_Inicial_Aislado_031024.xlsx,2024,ok,24
2024-10-03,F,Prog_Diaria031024.xlsx,2024,ok,24
2024-10-04,A,Prog_Diaria_Inicial_Aislado_041024.xlsx,2024,ok,24
2024-10-04,F,Prog_Diaria041024.xlsx,2024,ok,24
2024-10-05,A,Prog_Diaria_Inicial_Aislado_051024.xlsx,2024,ok,24
2024-10-05,F,Prog_Diaria051024.xlsx,2024,ok,24
2024-10-06,A,Prog_Diaria_Inicial_Aislado_061024.xlsx,2024,ok,24
2024-10-06,F,Prog_Diaria061024.xlsx,2024,ok,24
2024-10-07,A,Prog_Diaria_Inicial_Aislado_071024.xlsx,2024,ok,24
2024-10-07,F,Prog_Diaria071024.xlsx,2024,ok,24
2024-10-08,A,Prog_Diaria_Inicial_Aislado_081024.xlsx,2024,ok,24
2024-10-08,F,Prog_Diaria081024.xlsx,2024,ok,24
2024-10-09,A,Prog_Diaria_Inicial_Aislado_091024.xlsx,2024,ok,24
2024-10-09,F,Prog_Diaria091024.xlsx,2024,ok,24
2024-10-10,A,Prog_Diaria_Inicial_Aislado_101024.xlsx,2024,ok,24
2024-10-10,F,Prog_Diaria101024.xlsx,2024,ok,24
2024-10-11,A,Prog_Diaria_Inicial_Aislado_111024.xlsx,2024,ok,24
2024-10-11,F,Prog_Diaria111024.xlsx,2024,ok,24
2024-10-12,A,Prog_Diaria_Inicial_Aislado_121024.xlsx,2024,ok,24
2024-10-12,F,Prog_Diaria121024.xlsx,2024,ok,24
2024-10-13,A,Prog_Diaria_Inicial_Aislado_131024.xlsx,2024,ok,24
2024-10-13,F,Prog_Diaria131024.xlsx,2024,ok,24
2024-10-14,A,Prog_Diaria_Inicial_Aislado_141024.xlsx,2024,ok,24
2024-10-14,F,Prog_Diaria141024.xlsx,2024,ok,24
2024-10-15,A,Prog_Diaria_Inicial_Aislado_151024.xlsx,2024,ok,24
2024-10-15,F,Prog_Diaria151024.xlsx,2024,ok,24
2024-10-16,A,Prog_Diaria_Inicial_Aislado_161024.xlsx,2024,ok,24
2024-10-16,F,Prog_Diaria161024.xlsx,2024,ok,24
2024-10-17,A,Prog_Diaria_Inicial_Aislado_171024.xlsx,2024,ok,24
2024-10-17,F,Prog_Diaria171024.xlsx,2024,ok,24
2024-10-18,A,Prog_Diaria_Inicial_Aislado_181024.xlsx,2024,ok,24
2024-10-18,F,Prog_Diaria181024.xlsx,2024,ok,24
2024-10-19,A,Prog_Diaria_Inicial_Aislado_191024.xlsx,2024,ok,24
2024-10-19,F,Prog_Diaria191024.xlsx,2024,ok,24
2024-10-20,A,Prog_Diaria_Inicial_Aislado_201024.xlsx,2024,ok,24
2024-10-20,F,Prog_Diaria201024.xlsx,2024,ok,24
2024-10-21,A,Prog_Diaria_Inicial_Aislado_211024.xlsx,2024,ok,24
2024-10-21,F,Prog_Diaria211024.xlsx,2024,ok,24
2024-10-22,A,Prog_Diaria_Inicial_Aislado_221024.xlsx,2024,ok,24
2024-10-22,F,Prog_Diaria221024.xlsx,2024,ok,24
2024-10-23,A,Prog_Diaria_Inicial_Aislado_231024.xlsx,2024,ok,24
2024-10-23,F,Prog_Diaria231024.xlsx,2024,ok,24
2024-10-24,A,Prog_Diaria_Inicial_Aislado_241024.xlsx,2024,ok,24
2024-10-24,F,Prog_Diaria241024.xlsx,2024,ok,24
2024-10-25,A,Prog_Diaria_Inicial_Aislado_251024.xlsx,2024,ok,24
2024-10-25,F,Prog_Diaria251024.xlsx,2024,ok,24
2024-10-26,A,Prog_Diaria_Inicial_Aislado_261024.xlsx,2024,ok,24
2024-10-26,F,Prog_Diaria261024.xlsx,2024,ok,24
2024-10-27,A,Prog_Diaria_Inicial_Aislado_271024.xlsx,2024,ok,24
2024-10-27,F,Prog_Diaria271024.xlsx,2024,ok,24
2024-10-28,A,Prog_Diaria_Inicial_Aislado_281024.xlsx,2024,ok,24
2024-10-28,F,Prog_Diaria281024.xlsx,2024,ok,24
2024-10-29,A,Prog_Diaria_Inicial_Aislado_291024.xlsx,2024,ok,24
2024-10-29,F,Prog_Diaria291024.xlsx,2024,ok,24
2024-10-30,A,Prog_Diaria_Inicial_Aislado_301024.xlsx,2024,ok,24
2024-10-30,F,Prog_Diaria301024.xlsx,2024,ok,24
2024-10-31,A,Prog_Diaria_Inicial_Aislado_311024.xlsx,2024,ok,24
2024-10-31,F,Prog_Diaria311024.xlsx,2024,ok,24
2024-11-01,A,Prog_Diaria_Inicial_Aislado_011124.xlsx,2024,ok,24
2024-11-01,F,Prog_Diaria011124.xlsx,2024,ok,24
2024-11-02,A,Prog_Diaria_Inicial_Aislado_021124.xlsx,2024,ok,24
2024-11-02,F,Prog_Diaria021124.xlsx,2024,ok,24
2024-11-03,A,Prog_Diaria_Inicial_Aislado_031124.xlsx,2024,ok,24
2024-11-03,F,Prog_Diaria031124.xlsx,2024,ok,24
2024-11-04,A,Prog_Diaria_Inicial_Aislado_041124.xlsx,2024,ok,24
2024-11-04,F,Prog_Diaria041124.xlsx,2024,ok,24
2024-11-05,A,Prog_Diaria_Inicial_Aislado_051124.xlsx,2024,ok,24
2024-11-05,F,Prog_Diaria051124.xlsx,2024,ok,24
2024-11-06,A,Prog_Diaria_Inicial_Aislado_061124.xlsx,2024,ok,24
2024-11-06,F,Prog_Diaria061124.xlsx,2024,ok,24
2024-11-07,A,Prog_Diaria_Inicial_Aislado_071124.xlsx,2024,ok,24
2024-11-07,F,Prog_Diaria071124.xlsx,2024,ok,24
2024-11-08,A,Prog_Diaria_Inicial_Aislado_081124.xlsx,2024,ok,24
2024-11-08,F,Prog_Diaria081124.xlsx,2024,ok,24
2024-11-09,A,Prog_Diaria_Inicial_Aislado_091124.xlsx,2024,ok,24
2024-11-09,F,Prog_Diaria091124.xlsx,2024,ok,24
2024-11-10,A,Prog_Diaria_Inicial_Aislado_101124.xlsx,2024,ok,24
2024-11-10,F,Prog_Diaria101124.xlsx,2024,ok,24
2024-11-11,A,Prog_Diaria_Inicial_Aislado_111124.xlsx,2024,ok,24
2024-11-11,F,Prog_Diaria111124.xlsx,2024,ok,24
2024-11-12,A,Prog_Diaria_Inicial_Aislado_121124.xlsx,2024,ok,24
2024-11-12,F,Prog_Diaria121124.xlsx,2024,ok,24
2024-11-13,A,Prog_Diaria_Inicial_Aislado_131124.xlsx,2024,ok,24
2024-11-13,F,Prog_Diaria131124.xlsx,2024,ok,24
2024-11-14,A,Prog_Diaria_Inicial_Aislado_141124.xlsx,2024,ok,24
2024-11-14,F,Prog_Diaria141124.xlsx,2024,ok,24
2024-11-15,A,Prog_Diaria_Inicial_Aislado_151124.xlsx,2024,ok,24
2024-11-15,F,Prog_Diaria151124.xlsx,2024,ok,24
2024-11-16,A,Prog_Diaria_Inicial_Aislado_161124.xlsx,2024,ok,24
2024-11-16,F,Prog_Diaria161124.xlsx,2024,ok,24
2024-11-17,A,Prog_Diaria_Inicial_Aislado_171124.xlsx,2024,ok,24
2024-11-17,F,Prog_Diaria171124.xlsx,2024,ok,24
2024-11-18,A,Prog_Diaria_Inicial_Aislado_181124.xlsx,2024,ok,24
2024-11-18,F,Prog_Diaria181124.xlsx,2024,ok,24
2024-11-19,A,Prog_Diaria_Inicial_Aislado_191124.xlsx,2024,ok,24
2024-11-19,F,Prog_Diaria191124.xlsx,2024,ok,24
2024-11-20,A,Prog_Diaria_Inicial_Aislado_201124.xlsx,2024,ok,24
2024-11-20,F,Prog_Diaria201124.xlsx,2024,ok,24
2024-11-21,A,Prog_Diaria_Inicial_Aislado_211124.xlsx,2024,ok,24
2024-11-21,F,Prog_Diaria211124.xlsx,2024,ok,24
2024-11-22,A,Prog_Diaria_Inicial_Aislado_221124.xlsx,2024,ok,24
2024-11-22,F,Prog_Diaria221124.xlsx,2024,ok,24
2024-11-23,A,Prog_Diaria_Inicial_Aislado_231124.xlsx,2024,ok,24
2024-11-23,F,Prog_Diaria231124.xlsx,2024,ok,24
2024-11-24,A,Prog_Diaria_Inicial_Aislado_241124.xlsx,2024,ok,24
2024-11-24,F,Prog_Diaria241124.xlsx,2024,ok,24
2024-11-25,A,Prog_Diaria_Inicial_Aislado_251124.xlsx,2024,ok,24
2024-11-25,F,Prog_Diaria251124.xlsx,2024,ok,24
2024-11-26,A,Prog_Diaria_Inicial_Aislado_261124.xlsx,2024,ok,24
2024-11-26,F,Prog_Diaria261124.xlsx,2024,ok,24
2024-11-27,A,Prog_Diaria_Inicial_Aislado_271124.xlsx,2024,ok,24
2024-11-27,F,Prog_Diaria271124.xlsx,2024,ok,24
2024-11-28,A,Prog_Diaria_Inicial_Aislado_281124.xlsx,2024,ok,24
2024-11-28,F,Prog_Diaria281124.xlsx,2024,ok,24
2024-11-29,A,Prog_Diaria_Inicial_Aislado_291124.xlsx,2024,ok,24
2024-11-29,F,Prog_Diaria291124.xlsx,2024,ok,24
2024-11-30,A,Prog_Diaria_Inicial_Aislado_301124.xlsx,2024,ok,24
2024-11-30,F,Prog_Diaria301124.xlsx,2024,ok,24
2024-12-01,A,Prog_Diaria_Inicial_Aislado_011224.xlsx,2024,ok,24
2024-12-01,F,Prog_Diaria011224.xlsx,2024,ok,24
2024-12-02,A,Prog_Diaria_Inicial_Aislado_021224.xlsx,2024,ok,24
2024-12-02,F,Prog_Diaria021224.xlsx,2024,ok,24
2024-12-03,A,Prog_Diaria_Inicial_Aislado_031224.xlsx,2024,ok,24
2024-12-03,F,Prog_Diaria031224.xlsx,2024,ok,24
2024-12-04,A,Prog_Diaria_Inicial_Aislado_041224.xlsx,2024,ok,24
2024-12-04,F,Prog_Diaria041224.xlsx,2024,ok,24
2024-12-05,A,Prog_Diaria_Inicial_Aislado_051224.xlsx,2024,ok,24
2024-12-05,F,Prog_Diaria051224.xlsx,2024,ok,24
2024-12-06,A,Prog_Diaria_Inicial_Aislado_061224.xlsx,2024,ok,24
2024-12-06,F,Prog_Diaria061224.xlsx,2024,ok,24
2024-12-07,A,Prog_Diaria_Inicial_Aislado_071224.xlsx,2024,ok,24
2024-12-07,F,Prog_Diaria071224.xlsx,2024,ok,24
2024-12-08,A,Prog_Diaria_Inicial_Aislado_081224.xlsx,2024,ok,24
2024-12-08,F,Prog_Diaria081224.xlsx,2024,ok,24
2024-12-09,A,Prog_Diaria_Inicial_Aislado_091224.xlsx,2024,ok,24
2024-12-09,F,Prog_Diaria091224.xlsx,2024,ok,24
2024-12-10,A,Prog_Diaria_Inicial_Aislado_101224.xlsx,2024,ok,24
2024-12-10,F,Prog_Diaria101224.xlsx,2024,ok,24
2024-12-11,A,Prog_Diaria_Inicial_Aislado_111224.xlsx,2024,ok,24
2024-12-11,F,Prog_Diaria111224.xlsx,2024,ok,24
2024-12-12,A,Prog_Diaria_Inicial_Aislado_121224.xlsx,2024,ok,24
2024-12-12,F,Prog_Diaria121224.xlsx,2024,ok,24
2024-12-13,A,Prog_Diaria_Inicial_Aislado_131224.xlsx,2024,ok,24
2024-12-13,F,Prog_Diaria131224.xlsx,2024,ok,24
2024-12-14,A,Prog_Diaria_Inicial_Aislado_141224.xlsx,2024,ok,24
2024-12-14,F,Prog_Diaria141224.xlsx,2024,ok,24
2024-12-15,A,Prog_Diaria_Inicial_Aislado_151224.xlsx,2024,ok,24
2024-12-15,F,Prog_Diaria151224.xlsx,2024,ok,24
2024-12-16,A,Prog_Diaria_Inicial_Aislado_161224.xlsx,2024,ok,24
2024-12-16,F,Prog_Diaria161224.xlsx,2024,ok,24
2024-12-17,A,Prog_Diaria_Inicial_Aislado_171224.xlsx,2024,ok,24
2024-12-17,F,Prog_Diaria171224.xlsx,2024,ok,24
2024-12-18,A,Prog_Diaria_Inicial_Aislado_181224.xlsx,2024,ok,24
2024-12-18,F,Prog_Diaria181224.xlsx,2024,ok,24
2024-12-19,A,Prog_Diaria_Inicial_Aislado_191224.xlsx,2024,ok,24
2024-12-19,F,Prog_Diaria191224.xlsx,2024,ok,24
2024-12-20,A,Prog_Diaria_Inicial_Aislado_201224.xlsx,2024,ok,24
2024-12-20,F,Prog_Diaria201224.xlsx,2024,ok,24
2024-12-21,A,Prog_Diaria_Inicial_Aislado_211224.xlsx,2024,ok,24
2024-12-21,F,Prog_Diaria211224.xlsx,2024,ok,24
2024-12-22,A,Prog_Diaria_Inicial_Aislado_221224.xlsx,2024,ok,24
2024-12-22,F,Prog_Diaria221224.xlsx,2024,ok,24
2024-12-23,A,Prog_Diaria_Inicial_Aislado_231224.xlsx,2024,ok,24
2024-12-23,F,Prog_Diaria231224.xlsx,2024,ok,24
2024-12-24,A,Prog_Diaria_Inicial_Aislado_241224.xlsx,2024,ok,24
2024-12-24,F,Prog_Diaria241224.xlsx,2024,ok,24
2024-12-25,A,Prog_Diaria_Inicial_Aislado_251224.xlsx,2024,ok,24
2024-12-25,F,Prog_Diaria251224.xlsx,2024,ok,24
2024-12-26,A,Prog_Diaria_Inicial_Aislado_261224.xlsx,2024,ok,24
2024-12-26,F,Prog_Diaria261224.xlsx,2024,ok,24
2024-12-27,A,Prog_Diaria_Inicial_Aislado_271224.xlsx,2024,ok,24
2024-12-27,F,Prog_Diaria271224.xlsx,2024,ok,24
2024-12-28,A,Prog_Diaria_Inicial_Aislado_281224.xlsx,2024,ok,24
2024-12-28,F,Prog_Diaria281224.xlsx,2024,ok,24
2024-12-29,A,Prog_Diaria_Inicial_Aislado_291224.xlsx,2024,ok,24
2024-12-29,F,Prog_Diaria291224.xlsx,2024,ok,24
2024-12-30,A,Prog_Diaria_Inicial_Aislado_301224.xlsx,2024,ok,24
2024-12-30,F,Prog_Diaria301224.xlsx,2024,ok,24
2024-12-31,A,Prog_Diaria_Inicial_Aislado_311224.xlsx,2024,ok,24
2024-12-31,F,Prog_Diaria311224.xlsx,2024,ok,24
2025-01-01,A,Prog_Diaria_Inicial_Aislado_010125.xlsx,2025,ok,24
2025-01-01,F,Prog_Diaria010125.xlsx,2025,ok,24
2025-01-02,A,Prog_Diaria_Inicial_Aislado_020125.xlsx,2025,ok,24
2025-01-02,F,Prog_Diaria020125.xlsx,2025,ok,24
2025-01-03,A,Prog_Diaria_Inicial_Aislado_030125.xlsx,2025,ok,24
2025-01-03,F,Prog_Diaria030125.xlsx,2025,ok,24
2025-01-04,A,Prog_Diaria_Inicial_Aislado_040125.xlsx,2025,ok,24
2025-01-04,F,Prog_Diaria040125.xlsx,2025,ok,24
2025-01-05,A,Prog_Diaria_Inicial_Aislado_050125.xlsx,2025,ok,24
2025-01-05,F,Prog_Diaria050125.xlsx,2025,ok,24
2025-01-06,A,Prog_Diaria_Inicial_Aislado_060125.xlsx,2025,ok,24
2025-01-06,F,Prog_Diaria060125.xlsx,2025,ok,24
2025-01-07,A,Prog_Diaria_Inicial_Aislado_070125.xlsx,2025,ok,24
2025-01-07,F,Prog_Diaria070125.xlsx,2025,ok,24
2025-01-08,A,Prog_Diaria_Inicial_Aislado_080125.xlsx,2025,ok,24
2025-01-08,F,Prog_Diaria080125.xlsx,2025,ok,24
2025-01-09,A,Prog_Diaria_Inicial_Aislado_090125.xlsx,2025,ok,24
2025-01-09,F,Prog_Diaria090125.xlsx,2025,ok,24
2025-01-10,A,Prog_Diaria_Inicial_Aislado_100125.xlsx,2025,ok,24
2025-01-10,F,Prog_Diaria100125.xlsx,2025,ok,24
2025-01-11,A,Prog_Diaria_Inicial_Aislado_110125.xlsx,2025,ok,24
2025-01-11,F,Prog_Diaria110125.xlsx,2025,ok,24
2025-01-12,A,Prog_Diaria_Inicial_Aislado_120125.xlsx,2025,ok,24
2025-01-12,F,Prog_Diaria120125.xlsx,2025,ok,24
2025-01-13,A,Prog_Diaria_Inicial_Aislado_130125.xlsx,2025,ok,24
2025-01-13,F,Prog_Diaria130125.xlsx,2025,ok,24
2025-01-14,A,Prog_Diaria_Inicial_Aislado_140125.xlsx,2025,ok,24
2025-01-14,F,Prog_Diaria140125.xlsx,2025,ok,24
2025-01-15,A,Prog_Diaria_Inicial_Aislado_150125.xlsx,2025,ok,24
2025-01-15,F,Prog_Diaria150125.xlsx,2025,ok,24
2025-01-16,A,Prog_Diaria_Inicial_Aislado_160125.xlsx,2025,ok,24
2025-01-16,F,Prog_Diaria160125.xlsx,2025,ok,24
2025-01-17,A,Prog_Diaria_Inicial_Aislado_170125.xlsx,2025,ok,24
2025-01-17,F,Prog_Diaria170125.xlsx,2025,ok,24
2025-01-18,A,Prog_Diaria_Inicial_Aislado_180125.xlsx,2025,ok,24
2025-01-18,F,Prog_Diaria180125.xlsx,2025,ok,24
2025-01-19,A,Prog_Diaria_Inicial_Aislado_190125.xlsx,2025,ok,24
2025-01-19,F,Prog_Diaria190125.xlsx,2025,ok,24
2025-01-20,A,Prog_Diaria_Inicial_Aislado_200125.xlsx,2025,ok,24
2025-01-20,F,Prog_Diaria200125.xlsx,2025,ok,24
2025-01-21,A,Prog_Diaria_Inicial_Aislado_210125.xlsx,2025,ok,24
2025-01-21,F,Prog_Diaria210125.xlsx,2025,ok,24
2025-01-22,A,Prog_Diaria_Inicial_Aislado_220125.xlsx,2025,ok,24
2025-01-22,F,Prog_Diaria220125.xlsx,2025,ok,24
2025-01-23,A,Prog_Diaria_Inicial_Aislado_230125.xlsx,2025,ok,24
2025-01-23,F,Prog_Diaria230125.xlsx,2025,ok,24
2025-01-24,A,Prog_Diaria_Inicial_Aislado_240125.xlsx,2025,ok,24
2025-01-24,F,Prog_Diaria240125.xlsx,2025,ok,24
2025-01-25,A,Prog_Diaria_Inicial_Aislado_250125.xlsx,2025,ok,24
2025-01-25,F,Prog_Diaria250125.xlsx,2025,ok,24
2025-01-26,A,Prog_Diaria_Inicial_Aislado_260125.xlsx,2025,ok,24
2025-01-26,F,Prog_Diaria260125.xlsx,2025,ok,24
2025-01-27,A,Prog_Diaria_Inicial_Aislado_270125.xlsx,2025,ok,24
2025-01-27,F,Prog_Diaria270125.xlsx,2025,ok,24
2025-01-28,A,Prog_Diaria_Inicial_Aislado_280125.xlsx,2025,ok,24
2025-01-28,F,Prog_Diaria280125.xlsx,2025,ok,24
2025-01-29,A,Prog_Diaria_Inicial_Aislado_290125.xlsx,2025,ok,24
2025-01-29,F,Prog_Diaria290125.xlsx,2025,ok,24
2025-01-30,A,Prog_Diaria_Inicial_Aislado_300125.xlsx,2025,ok,24
2025-01-30,F,Prog_Diaria300125.xlsx,2025,ok,24
2025-01-31,A,Prog_Diaria_Inicial_Aislado_310125.xlsx,2025,ok,24
2025-01-31,F,Prog_Diaria310125.xlsx,2025,ok,24
2025-02-01,A,Prog_Diaria_Inicial_Aislado_010225.xlsx,2025,ok,24
2025-02-01,F,Prog_Diaria010225.xlsx,2025,ok,24
2025-02-02,A,Prog_Diaria_Inicial_Aislado_020225.xlsx,2025,ok,24
2025-02-02,F,Prog_Diaria020225.xlsx,2025,ok,24
2025-02-03,A,Prog_Diaria_Inicial_Aislado_030225.xlsx,2025,ok,24
2025-02-03,F,Prog_Diaria030225.xlsx,2025,ok,24
2025-02-04,A,Prog_Diaria_Inicial_Aislado_040225.xlsx,2025,ok,24
2025-02-04,F,Prog_Diaria040225.xlsx,2025,ok,24
2025-02-05,A,Prog_Diaria_Inicial_Aislado_050225.xlsx,2025,ok,24
2025-02-05,F,Prog_Diaria050225.xlsx,2025,ok,24
2025-02-06,A,Prog_Diaria_Inicial_Aislado_060225.xlsx,2025,ok,24
2025-02-06,F,Prog_Diaria060225.xlsx,2025,ok,24
2025-02-07,A,Prog_Diaria_Inicial_Aislado_070225.xlsx,2025,ok,24
2025-02-07,F,Prog_Diaria070225.xlsx,2025,ok,24
2025-02-08,A,Prog_Diaria_Inicial_Aislado_080225.xlsx,2025,ok,24
2025-02-08,F,Prog_Diaria080225.xlsx,2025,ok,24
2025-02-09,A,Prog_Diaria_Inicial_Aislado_090225.xlsx,2025,ok,24
2025-02-09,F,Prog_Diaria090225.xlsx,2025,ok,24
2025-02-10,A,Prog_Diaria_Inicial_Aislado_100225.xlsx,2025,ok,24
2025-02-10,F,Prog_Diaria100225.xlsx,2025,ok,24
2025-02-11,A,Prog_Diaria_Inicial_Aislado_110225.xlsx,2025,ok,24
2025-02-11,F,Prog_Diaria110225.xlsx,2025,ok,24
2025-02-12,A,Prog_Diaria_Inicial_Aislado_120225.xlsx,2025,ok,24
2025-02-12,F,Prog_Diaria120225.xlsx,2025,ok,24
2025-02-13,A,Prog_Diaria_Inicial_Aislado_130225.xlsx,2025,ok,24
2025-02-13,F,Prog_Diaria130225.xlsx,2025,ok,24
2025-02-14,A,Prog_Diaria_Inicial_Aislado_140225.xlsx,2025,ok,24
2025-02-14,F,Prog_Diaria140225.xlsx,2025,ok,24
2025-02-15,A,Prog_Diaria_Inicial_Aislado_150225.xlsx,2025,ok,24
2025-02-15,F,Prog_Diaria150225.xlsx,2025,ok,24
2025-02-16,A,Prog_Diaria_Inicial_Aislado_160225.xlsx,2025,ok,24
2025-02-16,F,Prog_Diaria160225.xlsx,2025,ok,24
2025-02-17,A,Prog_Diaria_Inicial_Aislado_170225.xlsx,2025,ok,24
2025-02-17,F,Prog_Diaria170225.xlsx,2025,ok,24
2025-02-18,A,Prog_Diaria_Inicial_Aislado_180225.xlsx,2025,ok,24
2025-02-18,F,Prog_Diaria180225.xlsx,2025,ok,24
2025-02-19,A,Prog_Diaria_Inicial_Aislado_190225.xlsx,2025,ok,24
2025-02-19,F,Prog_Diaria190225.xlsx,2025,ok,24
2025-02-20,A,Prog_Diaria_Inicial_Aislado_200225.xlsx,2025,ok,24
2025-02-20,F,Prog_Diaria200225.xlsx,2025,ok,24
2025-02-21,A,Prog_Diaria_Inicial_Aislado_210225.xlsx,2025,ok,24
2025-02-21,F,Prog_Diaria210225.xlsx,2025,ok,24
2025-02-22,A,Prog_Diaria_Inicial_Aislado_220225.xlsx,2025,ok,24
2025-02-22,F,Prog_Diaria220225.xlsx,2025,ok,24
2025-02-23,A,Prog_Diaria_Inicial_Aislado_230225.xlsx,2025,ok,24
2025-02-23,F,Prog_Diaria230225.xlsx,2025,ok,24
2025-02-24,A,Prog_Diaria_Inicial_Aislado_240225.xlsx,2025,ok,24
2025-02-24,F,Prog_Diaria240225.xlsx,2025,ok,24
2025-02-25,A,Prog_Diaria_Inicial_Aislado_250225.xlsx,2025,ok,24
2025-02-25,F,Prog_Diaria250225.xlsx,2025,ok,24
2025-02-26,A,Prog_Diaria_Inicial_Aislado_260225.xlsx,2025,ok,24
2025-02-26,F,Prog_Diaria260225.xlsx,2025,ok,24
2025-02-27,A,Prog_Diaria_Inicial_Aislado_270225.xlsx,2025,ok,24
2025-02-27,F,Prog_Diaria270225.xlsx,2025,ok,24
2025-02-28,A,Prog_Diaria_Inicial_Aislado_280225.xlsx,2025,ok,24
2025-02-28,F,Prog_Diaria280225.xlsx,2025,ok,24
2025-03-01,A,Prog_Diaria_Inicial_Aislado_010325.xlsx,2025,ok,24
2025-03-01,F,Prog_Diaria010325.xlsx,2025,ok,24
2025-03-02,A,Prog_Diaria_Inicial_Aislado_020325.xlsx,2025,ok,24
2025-03-02,F,Prog_Diaria020325.xlsx,2025,ok,24
2025-03-03,A,Prog_Diaria_Inicial_Aislado_030325.xlsx,2025,ok,24
2025-03-03,F,Prog_Diaria030325.xlsx,2025,ok,24
2025-03-04,A,Prog_Diaria_Inicial_Aislado_040325.xlsx,2025,ok,24
2025-03-04,F,Prog_Diaria040325.xlsx,2025,ok,24
2025-03-05,A,Prog_Diaria_Inicial_Aislado_050325.xlsx,2025,ok,24
2025-03-05,F,Prog_Diaria050325.xlsx,2025,ok,24
2025-03-06,A,Prog_Diaria_Inicial_Aislado_060325.xlsx,2025,ok,24
2025-03-06,F,Prog_Diaria060325.xlsx,2025,ok,24
2025-03-07,A,Prog_Diaria_Inicial_Aislado_070325.xlsx,2025,ok,24
2025-03-07,F,Prog_Diaria070325.xlsx,2025,ok,24
2025-03-08,A,Prog_Diaria_Inicial_Aislado_080325.xlsx,2025,ok,24
2025-03-08,F,Prog_Diaria080325.xlsx,2025,ok,24
2025-03-09,A,Prog_Diaria_Inicial_Aislado_090325.xlsx,2025,ok,24
2025-03-09,F,Prog_Diaria090325.xlsx,2025,ok,24
2025-03-10,A,Prog_Diaria_Inicial_Aislado_100325.xlsx,2025,ok,24
2025-03-10,F,Prog_Diaria100325.xlsx,2025,ok,24
2025-03-11,A,Prog_Diaria_Inicial_Aislado_110325.xlsx,2025,ok,24
2025-03-11,F,Prog_Diaria110325.xlsx,2025,ok,24
2025-03-12,A,Prog_Diaria_Inicial_Aislado_120325.xlsx,2025,ok,24
2025-03-12,F,Prog_Diaria120325.xlsx,2025,ok,24
2025-03-13,A,Prog_Diaria_Inicial_Aislado_130325.xlsx,2025,ok,24
2025-03-13,F,Prog_Diaria130325.xlsx,2025,ok,24
2025-03-14,A,Prog_Diaria_Inicial_Aislado_140325.xlsx,2025,ok,24
2025-03-14,F,Prog_Diaria140325.xlsx,2025,ok,24
2025-03-15,A,Prog_Diaria_Inicial_Aislado_150325.xlsx,2025,ok,24
2025-03-15,F,Prog_Diaria150325.xlsx,2025,ok,24
2025-03-16,A,Prog_Diaria_Inicial_Aislado_160325.xlsx,2025,ok,24
2025-03-16,F,Prog_Diaria160325.xlsx,2025,ok,24
2025-03-17,A,Prog_Diaria_Inicial_Aislado_170325.xlsx,2025,ok,24
2025-03-17,F,Prog_Diaria170325.xlsx,2025,ok,24
2025-03-18,A,Prog_Diaria_Inicial_Aislado_180325.xlsx,2025,ok,24
2025-03-18,F,Prog_Diaria180325.xlsx,2025,ok,24
2025-03-19,A,Prog_Diaria_Inicial_Aislado_190325.xlsx,2025,ok,24
2025-03-19,F,Prog_Diaria190325.xlsx,2025,ok,24
2025-03-20,A,Prog_Diaria_Inicial_Aislado_200325.xlsx,2025,ok,24
2025-03-20,F,Prog_Diaria200325.xlsx,2025,ok,24
2025-03-21,A,Prog_Diaria_Inicial_Aislado_210325.xlsx,2025,ok,24
2025-03-21,F,Prog_Diaria210325.xlsx,2025,ok,24
2025-03-22,A,Prog_Diaria_Inicial_Aislado_220325.xlsx,2025,ok,24
2025-03-22,F,Prog_Diaria220325.xlsx,2025,ok,24
2025-03-23,A,Prog_Diaria_Inicial_Aislado_230325.xlsx,2025,ok,24
2025-03-23,F,Prog_Diaria230325.xlsx,2025,ok,24
2025-03-24,A,Prog_Diaria_Inicial_Aislado_240325.xlsx,2025,ok,24
2025-03-24,F,Prog_Diaria240325.xlsx,2025,ok,24
2025-03-25,A,Prog_Diaria_Inicial_Aislado_250325.xlsx,2025,ok,24
2025-03-25,F,Prog_Diaria250325.xlsx,2025,ok,24
2025-03-26,A,Prog_Diaria_Inicial_Aislado_260325.xlsx,2025,ok,24
2025-03-26,F,Prog_Diaria260325.xlsx,2025,ok,24
2025-03-27,A,Prog_Diaria_Inicial_Aislado_270325.xlsx,2025,ok,24
2025-03-27,F,Prog_Diaria270325.xlsx,2025,ok,24
2025-03-28,A,Prog_Diaria_Inicial_Aislado_280325.xlsx,2025,ok,24
2025-03-28,F,Prog_Diaria280325.xlsx,2025,ok,24
2025-03-29,A,Prog_Diaria_Inicial_Aislado_290325.xlsx,2025,ok,24
2025-03-29,F,Prog_Diaria290325.xlsx,2025,ok,24
2025-03-30,A,Prog_Diaria_Inicial_Aislado_300325.xlsx,2025,ok,24
2025-03-30,F,Prog_Diaria300325.xlsx,2025,ok,24
2025-03-31,A,Prog_Diaria_Inicial_Aislado_310325.xlsx,2025,ok,24
2025-03-31,F,Prog_Diaria310325.xlsx,2025,ok,24
2025-04-01,A,Prog_Diaria_Inicial_Aislado_010425.xlsx,2025,ok,24
2025-04-01,F,Prog_Diaria010425.xlsx,2025,ok,24
2025-04-02,A,Prog_Diaria_Inicial_Aislado_020425.xlsx,2025,ok,24
2025-04-02,F,Prog_Diaria020425.xlsx,2025,ok,24
2025-04-03,A,Prog_Diaria_Inicial_Aislado_030425.xlsx,2025,ok,24
2025-04-03,F,Prog_Diaria030425.xlsx,2025,ok,24
2025-04-04,A,Prog_Diaria_Inicial_Aislado_040425.xlsx,2025,ok,24
2025-04-04,F,Prog_Diaria040425.xlsx,2025,ok,24
2025-04-05,A,Prog_Diaria_Inicial_Aislado_050425.xlsx,2025,ok,24
2025-04-05,F,Prog_Diaria050425.xlsx,2025,ok,24
2025-04-06,A,Prog_Diaria_Inicial_Aislado_060425.xlsx,2025,ok,24
2025-04-06,F,Prog_Diaria060425.xlsx,2025,ok,24
2025-04-07,A,Prog_Diaria_Inicial_Aislado_070425.xlsx,2025,ok,24
2025-04-07,F,Prog_Diaria070425.xlsx,2025,ok,24
2025-04-08,A,Prog_Diaria_Inicial_Aislado_080425.xlsx,2025,ok,24
2025-04-08,F,Prog_Diaria080425.xlsx,2025,ok,24
2025-04-09,A,Prog_Diaria_Inicial_Aislado_090425.xlsx,2025,ok,24
2025-04-09,F,Prog_Diaria090425.xlsx,2025,ok,24
2025-04-10,A,Prog_Diaria_Inicial_Aislado_100425.xlsx,2025,ok,24
2025-04-10,F,Prog_Diaria100425.xlsx,2025,ok,24
2025-04-11,A,Prog_Diaria_Inicial_Aislado_110425.xlsx,2025,ok,24
2025-04-11,F,Prog_Diaria110425.xlsx,2025,ok,24
2025-04-12,A,Prog_Diaria_Inicial_Aislado_120425.xlsx,2025,ok,24
2025-04-12,F,Prog_Diaria120425.xlsx,2025,ok,24
2025-04-13,A,Prog_Diaria_Inicial_Aislado_130425.xlsx,2025,ok,24
2025-04-13,F,Prog_Diaria130425.xlsx,2025,ok,24
2025-04-14,A,Prog_Diaria_Inicial_Aislado_140425.xlsx,2025,ok,24
2025-04-14,F,Prog_Diaria140425.xlsx,2025,ok,24
2025-04-15,A,Prog_Diaria_Inicial_Aislado_150425.xlsx,2025,ok,24
2025-04-15,F,Prog_Diaria150425.xlsx,2025,ok,24
2025-04-16,A,Prog_Diaria_Inicial_Aislado_160425.xlsx,2025,ok,24
2025-04-16,F,Prog_Diaria160425.xlsx,2025,ok,24
2025-04-17,A,Prog_Diaria_Inicial_Aislado_170425.xlsx,2025,ok,24
2025-04-17,F,Prog_Diaria170425.xlsx,2025,ok,24
2025-04-18,A,Prog_Diaria_Inicial_Aislado_180425.xlsx,2025,ok,24
2025-04-18,F,Prog_Diaria180425.xlsx,2025,ok,24
2025-04-19,A,Prog_Diaria_Inicial_Aislado_190425.xlsx,2025,ok,24
2025-04-19,F,Prog_Diaria190425.xlsx,2025,ok,24
2025-04-20,A,Prog_Diaria_Inicial_Aislado_200425.xlsx,2025,ok,24
2025-04-20,F,Prog_Diaria200425.xlsx,2025,ok,24
2025-04-21,A,Prog_Diaria_Inicial_Aislado_210425.xlsx,2025,ok,24
2025-04-21,F,Prog_Diaria210425.xlsx,2025,ok,24
2025-04-22,A,Prog_Diaria_Inicial_Aislado_220425.xlsx,2025,ok,24
2025-04-22,F,Prog_Diaria220425.xlsx,2025,ok,24
2025-04-23,A,Prog_Diaria_Inicial_Aislado_230425.xlsx,2025,ok,24
2025-04-23,F,Prog_Diaria230425.xlsx,2025,ok,24
2025-04-24,A,Prog_Diaria_Inicial_Aislado_240425.xlsx,2025,ok,24
2025-04-24,F,Prog_Diaria240425.xlsx,2025,ok,24
2025-04-25,A,Prog_Diaria_Inicial_Aislado_250425.xlsx,2025,ok,24
2025-04-25,F,Prog_Diaria250425.xlsx,2025,ok,24
2025-04-26,A,Prog_Diaria_Inicial_Aislado_260425.xlsx,2025,ok,24
2025-04-26,F,Prog_Diaria260425.xlsx,2025,ok,24
2025-04-27,A,Prog_Diaria_Inicial_Aislado_270425.xlsx,2025,ok,24
2025-04-27,F,Prog_Diaria270425.xlsx,2025,ok,24
2025-04-28,A,Prog_Diaria_Inicial_Aislado_280425.xlsx,2025,ok,24
2025-04-28,F,Prog_Diaria280425.xlsx,2025,ok,24
2025-04-29,A,Prog_Diaria_Inicial_Aislado_290425.xlsx,2025,ok,24
2025-04-29,F,Prog_Diaria290425.xlsx,2025,ok,24
2025-04-30,A,Prog_Diaria_Inicial_Aislado_300425.xlsx,2025,ok,24
2025-04-30,F,Prog_Diaria300425.xlsx,2025,ok,24
2025-05-01,A,Prog_Diaria_Inicial_Aislado_010525.xlsx,2025,ok,24
2025-05-01,F,Prog_Diaria010525.xlsx,2025,ok,24
2025-05-02,A,Prog_Diaria_Inicial_Aislado_020525.xlsx,2025,ok,24
2025-05-02,F,Prog_Diaria020525.xlsx,2025,ok,24
2025-05-03,A,Prog_Diaria_Inicial_Aislado_030525.xlsx,2025,ok,24
2025-05-03,F,Prog_Diaria030525.xlsx,2025,ok,24
2025-05-04,A,Prog_Diaria_Inicial_Aislado_040525.xlsx,2025,ok,24
2025-05-04,F,Prog_Diaria040525.xlsx,2025,ok,24
2025-05-05,A,Prog_Diaria_Inicial_Aislado_050525.xlsx,2025,ok,24
2025-05-05,F,Prog_Diaria050525.xlsx,2025,ok,24
2025-05-06,A,Prog_Diaria_Inicial_Aislado_060525.xlsx,2025,ok,24
2025-05-06,F,Prog_Diaria060525.xlsx,2025,ok,24
2025-05-07,A,Prog_Diaria_Inicial_Aislado_070525.xlsx,2025,ok,24
2025-05-07,F,Prog_Diaria070525.xlsx,2025,ok,24
2025-05-08,A,Prog_Diaria_Inicial_Aislado_080525.xlsx,2025,ok,24
2025-05-08,F,Prog_Diaria080525.xlsx,2025,descarga_fallida,0
2025-05-09,A,Prog_Diaria_Inicial_Aislado_090525.xlsx,2025,ok,24
2025-05-09,F,Prog_Diaria090525.xlsx,2025,ok,24
2025-05-10,A,Prog_Diaria_Inicial_Aislado_100525.xlsx,2025,ok,24
2025-05-10,F,Prog_Diaria100525.xlsx,2025,ok,24
2025-05-11,A,Prog_Diaria_Inicial_Aislado_110525.xlsx,2025,ok,24
2025-05-11,F,Prog_Diaria110525.xlsx,2025,ok,24
2025-05-12,A,Prog_Diaria_Inicial_Aislado_120525.xlsx,2025,ok,24
2025-05-12,F,Prog_Diaria120525.xlsx,2025,ok,24
2025-05-13,A,Prog_Diaria_Inicial_Aislado_130525.xlsx,2025,ok,24
2025-05-13,F,Prog_Diaria130525.xlsx,2025,ok,24
2025-05-14,A,Prog_Diaria_Inicial_Aislado_140525.xlsx,2025,ok,24
2025-05-14,F,Prog_Diaria140525.xlsx,2025,ok,24
2025-05-15,A,Prog_Diaria_Inicial_Aislado_150525.xlsx,2025,ok,24
2025-05-15,F,Prog_Diaria150525.xlsx,2025,ok,24
2025-05-16,A,Prog_Diaria_Inicial_Aislado_160525.xlsx,2025,ok,24
2025-05-16,F,Prog_Diaria160525.xlsx,2025,ok,24
2025-05-17,A,Prog_Diaria_Inicial_Aislado_170525.xlsx,2025,ok,24
2025-05-17,F,Prog_Diaria170525.xlsx,2025,ok,24
2025-05-18,A,Prog_Diaria_Inicial_Aislado_180525.xlsx,2025,ok,24
2025-05-18,F,Prog_Diaria180525.xlsx,2025,ok,24
2025-05-19,A,Prog_Diaria_Inicial_Aislado_190525.xlsx,2025,ok,24
2025-05-19,F,Prog_Diaria190525.xlsx,2025,ok,24
2025-05-20,A,Prog_Diaria_Inicial_Aislado_200525.xlsx,2025,ok,24
2025-05-20,F,Prog_Diaria200525.xlsx,2025,ok,24
2025-05-21,A,Prog_Diaria_Inicial_Aislado_210525.xlsx,2025,ok,24
2025-05-21,F,Prog_Diaria210525.xlsx,2025,ok,24
2025-05-22,A,Prog_Diaria_Inicial_Aislado_220525.xlsx,2025,ok,24
2025-05-22,F,Prog_Diaria220525.xlsx,2025,ok,24
2025-05-23,A,Prog_Diaria_Inicial_Aislado_230525.xlsx,2025,ok,24
2025-05-23,F,Prog_Diaria230525.xlsx,2025,ok,24
2025-05-24,A,Prog_Diaria_Inicial_Aislado_240525.xlsx,2025,ok,24
2025-05-24,F,Prog_Diaria240525.xlsx,2025,ok,24
2025-05-25,A,Prog_Diaria_Inicial_Aislado_250525.xlsx,2025,ok,24
2025-05-25,F,Prog_Diaria250525.xlsx,2025,ok,24
2025-05-26,A,Prog_Diaria_Inicial_Aislado_260525.xlsx,2025,ok,24
2025-05-26,F,Prog_Diaria260525.xlsx,2025,ok,24
2025-05-27,A,Prog_Diaria_Inicial_Aislado_270525.xlsx,2025,ok,24
2025-05-27,F,Prog_Diaria270525.xlsx,2025,ok,24
2025-05-28,A,Prog_Diaria_Inicial_Aislado_280525.xlsx,2025,ok,24
2025-05-28,F,Prog_Diaria280525.xlsx,2025,ok,24
2025-05-29,A,Prog_Diaria_Inicial_Aislado_290525.xlsx,2025,ok,24
2025-05-29,F,Prog_Diaria290525.xlsx,2025,ok,24
2025-05-30,A,Prog_Diaria_Inicial_Aislado_300525.xlsx,2025,ok,24
2025-05-30,F,Prog_Diaria300525.xlsx,2025,ok,24
2025-05-31,A,Prog_Diaria_Inicial_Aislado_310525.xlsx,2025,ok,24
2025-05-31,F,Prog_Diaria310525.xlsx,2025,ok,24
2025-06-01,A,Prog_Diaria_Inicial_Aislado_010625.xlsx,2025,ok,24
2025-06-01,F,Prog_Diaria010625.xlsx,2025,ok,24
2025-06-02,A,Prog_Diaria_Inicial_Aislado_020625.xlsx,2025,ok,24
2025-06-02,F,Prog_Diaria020625.xlsx,2025,ok,24
2025-06-03,A,Prog_Diaria_Inicial_Aislado_030625.xlsx,2025,ok,24
2025-06-03,F,Prog_Diaria030625.xlsx,2025,ok,24
2025-06-04,A,Prog_Diaria_Inicial_Aislado_040625.xlsx,2025,ok,24
2025-06-04,F,Prog_Diaria040625.xlsx,2025,ok,24
2025-06-05,A,Prog_Diaria_Inicial_Aislado_050625.xlsx,2025,ok,24
2025-06-05,F,Prog_Diaria050625.xlsx,2025,ok,24
2025-06-06,A,Prog_Diaria_Inicial_Aislado_060625.xlsx,2025,ok,24
2025-06-06,F,Prog_Diaria060625.xlsx,2025,ok,24
2025-06-07,A,Prog_Diaria_Inicial_Aislado_070625.xlsx,2025,ok,24
2025-06-07,F,Prog_Diaria070625.xlsx,2025,ok,24
2025-06-08,A,Prog_Diaria_Inicial_Aislado_080625.xlsx,2025,ok,24
2025-06-08,F,Prog_Diaria080625.xlsx,2025,ok,24
2025-06-09,A,Prog_Diaria_Inicial_Aislado_090625.xlsx,2025,ok,24
2025-06-09,F,Prog_Diaria090625.xlsx,2025,ok,24
2025-06-10,A,Prog_Diaria_Inicial_Aislado_100625.xlsx,2025,ok,24
2025-06-10,F,Prog_Diaria100625.xlsx,2025,ok,24
2025-06-11,A,Prog_Diaria_Inicial_Aislado_110625.xlsx,2025,ok,24
2025-06-11,F,Prog_Diaria110625.xlsx,2025,ok,24
2025-06-12,A,Prog_Diaria_Inicial_Aislado_120625.xlsx,2025,ok,24
2025-06-12,F,Prog_Diaria120625.xlsx,2025,ok,24
2025-06-13,A,Prog_Diaria_Inicial_Aislado_130625.xlsx,2025,ok,24
2025-06-13,F,Prog_Diaria130625.xlsx,2025,ok,24
2025-06-14,A,Prog_Diaria_Inicial_Aislado_140625.xlsx,2025,ok,24
2025-06-14,F,Prog_Diaria140625.xlsx,2025,ok,24
2025-06-15,A,Prog_Diaria_Inicial_Aislado_150625.xlsx,2025,ok,24
2025-06-15,F,Prog_Diaria150625.xlsx,2025,ok,24
2025-06-16,A,Prog_Diaria_Inicial_Aislado_160625.xlsx,2025,ok,24
2025-06-16,F,Prog_Diaria160625.xlsx,2025,ok,24
2025-06-17,A,Prog_Diaria_Inicial_Aislado_170625.xlsx,2025,ok,24
2025-06-17,F,Prog_Diaria170625.xlsx,2025,ok,24
2025-06-18,A,Prog_Diaria_Inicial_Aislado_180625.xlsx,2025,ok,24
2025-06-18,F,Prog_Diaria180625.xlsx,2025,ok,24
2025-06-19,A,Prog_Diaria_Inicial_Aislado_190625.xlsx,2025,ok,24
2025-06-19,F,Prog_Diaria190625.xlsx,2025,ok,24
2025-06-20,A,Prog_Diaria_Inicial_Aislado_200625.xlsx,2025,ok,24
2025-06-20,F,Prog_Diaria200625.xlsx,2025,ok,24
2025-06-21,A,Prog_Diaria_Inicial_Aislado_210625.xlsx,2025,ok,24
2025-06-21,F,Prog_Diaria210625.xlsx,2025,ok,24
2025-06-22,A,Prog_Diaria_Inicial_Aislado_220625.xlsx,2025,ok,24
2025-06-22,F,Prog_Diaria220625.xlsx,2025,ok,24
2025-06-23,A,Prog_Diaria_Inicial_Aislado_230625.xlsx,2025,ok,24
2025-06-23,F,Prog_Diaria230625.xlsx,2025,ok,24
2025-06-24,A,Prog_Diaria_Inicial_Aislado_240625.xlsx,2025,ok,24
2025-06-24,F,Prog_Diaria240625.xlsx,2025,ok,24
2025-06-25,A,Prog_Diaria_Inicial_Aislado_250625.xlsx,2025,ok,24
2025-06-25,F,Prog_Diaria250625.xlsx,2025,ok,24
2025-06-26,A,Prog_Diaria_Inicial_Aislado_260625.xlsx,2025,ok,24
2025-06-26,F,Prog_Diaria260625.xlsx,2025,ok,24
2025-06-27,A,Prog_Diaria_Inicial_Aislado_270625.xlsx,2025,ok,24
2025-06-27,F,Prog_Diaria270625.xlsx,2025,ok,24
2025-06-28,A,Prog_Diaria_Inicial_Aislado_280625.xlsx,2025,ok,24
2025-06-28,F,Prog_Diaria280625.xlsx,2025,ok,24
2025-06-29,A,Prog_Diaria_Inicial_Aislado_290625.xlsx,2025,ok,24
2025-06-29,F,Prog_Diaria290625.xlsx,2025,ok,24
2025-06-30,A,Prog_Diaria_Inicial_Aislado_300625.xlsx,2025,ok,24
2025-06-30,F,Prog_Diaria300625.xlsx,2025,ok,24
2025-07-01,A,Prog_Diaria_Inicial_Aislado_010725.xlsx,2025,ok,24
2025-07-01,F,Prog_Diaria010725.xlsx,2025,ok,24
2025-07-02,A,Prog_Diaria_Inicial_Aislado_020725.xlsx,2025,ok,24
2025-07-02,F,Prog_Diaria020725.xlsx,2025,ok,24
2025-07-03,A,Prog_Diaria_Inicial_Aislado_030725.xlsx,2025,ok,24
2025-07-03,F,Prog_Diaria030725.xlsx,2025,ok,24
2025-07-04,A,Prog_Diaria_Inicial_Aislado_040725.xlsx,2025,ok,24
2025-07-04,F,Prog_Diaria040725.xlsx,2025,ok,24
2025-07-05,A,Prog_Diaria_Inicial_Aislado_050725.xlsx,2025,ok,24
2025-07-05,F,Prog_Diaria050725.xlsx,2025,ok,24
2025-07-06,A,Prog_Diaria_Inicial_Aislado_060725.xlsx,2025,ok,24
2025-07-06,F,Prog_Diaria060725.xlsx,2025,ok,24
2025-07-07,A,Prog_Diaria_Inicial_Aislado_070725.xlsx,2025,ok,24
2025-07-07,F,Prog_Diaria070725.xlsx,2025,ok,24
2025-07-08,A,Prog_Diaria_Inicial_Aislado_080725.xlsx,2025,ok,24
2025-07-08,F,Prog_Diaria080725.xlsx,2025,ok,24
2025-07-09,A,Prog_Diaria_Inicial_Aislado_090725.xlsx,2025,ok,24
2025-07-09,F,Prog_Diaria090725.xlsx,2025,ok,24
2025-07-10,A,Prog_Diaria_Inicial_Aislado_100725.xlsx,2025,ok,24
2025-07-10,F,Prog_Diaria100725.xlsx,2025,ok,24
2025-07-11,A,Prog_Diaria_Inicial_Aislado_110725.xlsx,2025,ok,24
2025-07-11,F,Prog_Diaria110725.xlsx,2025,ok,24
2025-07-12,A,Prog_Diaria_Inicial_Aislado_120725.xlsx,2025,ok,24
2025-07-12,F,Prog_Diaria120725.xlsx,2025,ok,24
2025-07-13,A,Prog_Diaria_Inicial_Aislado_130725.xlsx,2025,ok,24
2025-07-13,F,Prog_Diaria130725.xlsx,2025,ok,24
2025-07-14,A,Prog_Diaria_Inicial_Aislado_140725.xlsx,2025,ok,24
2025-07-14,F,Prog_Diaria140725.xlsx,2025,ok,24
2025-07-15,A,Prog_Diaria_Inicial_Aislado_150725.xlsx,2025,ok,24
2025-07-15,F,Prog_Diaria150725.xlsx,2025,ok,24
2025-07-16,A,Prog_Diaria_Inicial_Aislado_160725.xlsx,2025,ok,24
2025-07-16,F,Prog_Diaria160725.xlsx,2025,ok,24
2025-07-17,A,Prog_Diaria_Inicial_Aislado_170725.xlsx,2025,ok,24
2025-07-17,F,Prog_Diaria170725.xlsx,2025,ok,24
2025-07-18,A,Prog_Diaria_Inicial_Aislado_180725.xlsx,2025,ok,24
2025-07-18,F,Prog_Diaria180725.xlsx,2025,ok,24
2025-07-19,A,Prog_Diaria_Inicial_Aislado_190725.xlsx,2025,ok,24
2025-07-19,F,Prog_Diaria190725.xlsx,2025,ok,24
2025-07-20,A,Prog_Diaria_Inicial_Aislado_200725.xlsx,2025,ok,24
2025-07-20,F,Prog_Diaria200725.xlsx,2025,ok,24
2025-07-21,A,Prog_Diaria_Inicial_Aislado_210725.xlsx,2025,ok,24
2025-07-21,F,Prog_Diaria210725.xlsx,2025,ok,24
2025-07-22,A,Prog_Diaria_Inicial_Aislado_220725.xlsx,2025,ok,24
2025-07-22,F,Prog_Diaria220725.xlsx,2025,ok,24
2025-07-23,A,Prog_Diaria_Inicial_Aislado_230725.xlsx,2025,ok,24
2025-07-23,F,Prog_Diaria230725.xlsx,2025,ok,24
2025-07-24,A,Prog_Diaria_Inicial_Aislado_240725.xlsx,2025,ok,24
2025-07-24,F,Prog_Diaria240725.xlsx,2025,ok,24
2025-07-25,A,Prog_Diaria_Inicial_Aislado_250725.xlsx,2025,ok,24
2025-07-25,F,Prog_Diaria250725.xlsx,2025,ok,24
2025-07-26,A,Prog_Diaria_Inicial_Aislado_260725.xlsx,2025,ok,24
2025-07-26,F,Prog_Diaria260725.xlsx,2025,ok,24
2025-07-27,A,Prog_Diaria_Inicial_Aislado_270725.xlsx,2025,ok,24
2025-07-27,F,Prog_Diaria270725.xlsx,2025,ok,24
2025-07-28,A,Prog_Diaria_Inicial_Aislado_280725.xlsx,2025,ok,24
2025-07-28,F,Prog_Diaria280725.xlsx,2025,ok,24
2025-07-29,A,Prog_Diaria_Inicial_Aislado_290725.xlsx,2025,ok,24
2025-07-29,F,Prog_Diaria290725.xlsx,2025,ok,24
2025-07-30,A,Prog_Diaria_Inicial_Aislado_300725.xlsx,2025,ok,24
2025-07-30,F,Prog_Diaria300725.xlsx,2025,ok,24
2025-07-31,A,Prog_Diaria_Inicial_Aislado_310725.xlsx,2025,ok,24
2025-07-31,F,Prog_Diaria310725.xlsx,2025,ok,24
2025-08-01,A,Prog_Diaria_Inicial_Aislado_010825.xlsx,2025,ok,24
2025-08-01,F,Prog_Diaria010825.xlsx,2025,ok,24
2025-08-02,A,Prog_Diaria_Inicial_Aislado_020825.xlsx,2025,ok,24
2025-08-02,F,Prog_Diaria020825.xlsx,2025,ok,24
2025-08-03,A,Prog_Diaria_Inicial_Aislado_030825.xlsx,2025,ok,24
2025-08-03,F,Prog_Diaria030825.xlsx,2025,ok,24
2025-08-04,A,Prog_Diaria_Inicial_Aislado_040825.xlsx,2025,ok,24
2025-08-04,F,Prog_Diaria040825.xlsx,2025,ok,24
2025-08-05,A,Prog_Diaria_Inicial_Aislado_050825.xlsx,2025,ok,24
2025-08-05,F,Prog_Diaria050825.xlsx,2025,ok,24
2025-08-06,A,Prog_Diaria_Inicial_Aislado_060825.xlsx,2025,ok,24
2025-08-06,F,Prog_Diaria060825.xlsx,2025,ok,24
2025-08-07,A,Prog_Diaria_Inicial_Aislado_070825.xlsx,2025,ok,24
2025-08-07,F,Prog_Diaria070825.xlsx,2025,ok,24
2025-08-08,A,Prog_Diaria_Inicial_Aislado_080825.xlsx,2025,ok,24
2025-08-08,F,Prog_Diaria080825.xlsx,2025,ok,24
2025-08-09,A,Prog_Diaria_Inicial_Aislado_090825.xlsx,2025,ok,24
2025-08-09,F,Prog_Diaria090825.xlsx,2025,ok,24
2025-08-10,A,Prog_Diaria_Inicial_Aislado_100825.xlsx,2025,ok,24
2025-08-10,F,Prog_Diaria100825.xlsx,2025,ok,24
2025-08-11,A,Prog_Diaria_Inicial_Aislado_110825.xlsx,2025,ok,24
2025-08-11,F,Prog_Diaria110825.xlsx,2025,ok,24
2025-08-12,A,Prog_Diaria_Inicial_Aislado_120825.xlsx,2025,ok,24
2025-08-12,F,Prog_Diaria120825.xlsx,2025,ok,24
2025-08-13,A,Prog_Diaria_Inicial_Aislado_130825.xlsx,2025,ok,24
2025-08-13,F,Prog_Diaria130825.xlsx,2025,ok,24
2025-08-14,A,Prog_Diaria_Inicial_Aislado_140825.xlsx,2025,ok,24
2025-08-14,F,Prog_Diaria140825.xlsx,2025,ok,24
2025-08-15,A,Prog_Diaria_Inicial_Aislado_150825.xlsx,2025,ok,24
2025-08-15,F,Prog_Diaria150825.xlsx,2025,ok,24
2025-08-16,A,Prog_Diaria_Inicial_Aislado_160825.xlsx,2025,ok,24
2025-08-16,F,Prog_Diaria160825.xlsx,2025,ok,24
2025-08-17,A,Prog_Diaria_Inicial_Aislado_170825.xlsx,2025,ok,24
2025-08-17,F,Prog_Diaria170825.xlsx,2025,ok,24
2025-08-18,A,Prog_Diaria_Inicial_Aislado_180825.xlsx,2025,ok,24
2025-08-18,F,Prog_Diaria180825.xlsx,2025,ok,24
2025-08-19,A,Prog_Diaria_Inicial_Aislado_190825.xlsx,2025,ok,24
2025-08-19,F,Prog_Diaria190825.xlsx,2025,ok,24
2025-08-20,A,Prog_Diaria_Inicial_Aislado_200825.xlsx,2025,ok,24
2025-08-20,F,Prog_Diaria200825.xlsx,2025,ok,24
2025-08-21,A,Prog_Diaria_Inicial_Aislado_210825.xlsx,2025,ok,24
2025-08-21,F,Prog_Diaria210825.xlsx,2025,ok,24
2025-08-22,A,Prog_Diaria_Inicial_Aislado_220825.xlsx,2025,ok,24
2025-08-22,F,Prog_Diaria220825.xlsx,2025,ok,24
2025-08-23,A,Prog_Diaria_Inicial_Aislado_230825.xlsx,2025,ok,24
2025-08-23,F,Prog_Diaria230825.xlsx,2025,ok,24
2025-08-24,A,Prog_Diaria_Inicial_Aislado_240825.xlsx,2025,ok,24
2025-08-24,F,Prog_Diaria240825.xlsx,2025,ok,24
2025-08-25,A,Prog_Diaria_Inicial_Aislado_250825.xlsx,2025,ok,24
2025-08-25,F,Prog_Diaria250825.xlsx,2025,ok,24
2025-08-26,A,Prog_Diaria_Inicial_Aislado_260825.xlsx,2025,ok,24
2025-08-26,F,Prog_Diaria260825.xlsx,2025,ok,24
2025-08-27,A,Prog_Diaria_Inicial_Aislado_270825.xlsx,2025,ok,24
2025-08-27,F,Prog_Diaria270825.xlsx,2025,ok,24
2025-08-28,A,Prog_Diaria_Inicial_Aislado_280825.xlsx,2025,ok,24
2025-08-28,F,Prog_Diaria280825.xlsx,2025,ok,24
2025-08-29,A,Prog_Diaria_Inicial_Aislado_290825.xlsx,2025,ok,24
2025-08-29,F,Prog_Diaria290825.xlsx,2025,ok,24
2025-08-30,A,Prog_Diaria_Inicial_Aislado_300825.xlsx,2025,ok,24
2025-08-30,F,Prog_Diaria300825.xlsx,2025,ok,24
2025-08-31,A,Prog_Diaria_Inicial_Aislado_310825.xlsx,2025,ok,24
2025-08-31,F,Prog_Diaria310825.xlsx,2025,ok,24
2025-09-01,A,Prog_Diaria_Inicial_Aislado_010925.xlsx,2025,ok,24
2025-09-01,F,Prog_Diaria010925.xlsx,2025,ok,24
2025-09-02,A,Prog_Diaria_Inicial_Aislado_020925.xlsx,2025,ok,24
2025-09-02,F,Prog_Diaria020925.xlsx,2025,ok,24
2025-09-03,A,Prog_Diaria_Inicial_Aislado_030925.xlsx,2025,ok,24
2025-09-03,F,Prog_Diaria030925.xlsx,2025,ok,24
2025-09-04,A,Prog_Diaria_Inicial_Aislado_040925.xlsx,2025,ok,24
2025-09-04,F,Prog_Diaria040925.xlsx,2025,ok,24
2025-09-05,A,Prog_Diaria_Inicial_Aislado_050925.xlsx,2025,ok,24
2025-09-05,F,Prog_Diaria050925.xlsx,2025,ok,24
2025-09-06,A,Prog_Diaria_Inicial_Aislado_060925.xlsx,2025,ok,24
2025-09-06,F,Prog_Diaria060925.xlsx,2025,ok,24
2025-09-07,A,Prog_Diaria_Inicial_Aislado_070925.xlsx,2025,ok,24
2025-09-07,F,Prog_Diaria070925.xlsx,2025,ok,24
2025-09-08,A,Prog_Diaria_Inicial_Aislado_080925.xlsx,2025,ok,24
2025-09-08,F,Prog_Diaria080925.xlsx,2025,ok,24
2025-09-09,A,Prog_Diaria_Inicial_Aislado_090925.xlsx,2025,ok,24
2025-09-09,F,Prog_Diaria090925.xlsx,2025,ok,24
2025-09-10,A,Prog_Diaria_Inicial_Aislado_100925.xlsx,2025,ok,24
2025-09-10,F,Prog_Diaria100925.xlsx,2025,ok,24
2025-09-11,A,Prog_Diaria_Inicial_Aislado_110925.xlsx,2025,ok,24
2025-09-11,F,Prog_Diaria110925.xlsx,2025,ok,24
2025-09-12,A,Prog_Diaria_Inicial_Aislado_120925.xlsx,2025,ok,24
2025-09-12,F,Prog_Diaria120925.xlsx,2025,ok,24
2025-09-13,A,Prog_Diaria_Inicial_Aislado_130925.xlsx,2025,ok,24
2025-09-13,F,Prog_Diaria130925.xlsx,2025,ok,24
2025-09-14,A,Prog_Diaria_Inicial_Aislado_140925.xlsx,2025,ok,24
2025-09-14,F,Prog_Diaria140925.xlsx,2025,ok,24
2025-09-15,A,Prog_Diaria_Inicial_Aislado_150925.xlsx,2025,ok,24
2025-09-15,F,Prog_Diaria150925.xlsx,2025,ok,24
2025-09-16,A,Prog_Diaria_Inicial_Aislado_160925.xlsx,2025,ok,24
2025-09-16,F,Prog_Diaria160925.xlsx,2025,ok,24
2025-09-17,A,Prog_Diaria_Inicial_Aislado_170925.xlsx,2025,ok,24
2025-09-17,F,Prog_Diaria170925.xlsx,2025,ok,24
2025-09-18,A,Prog_Diaria_Inicial_Aislado_180925.xlsx,2025,ok,24
2025-09-18,F,Prog_Diaria180925.xlsx,2025,ok,24
2025-09-19,A,Prog_Diaria_Inicial_Aislado_190925.xlsx,2025,ok,24
2025-09-19,F,Prog_Diaria190925.xlsx,2025,ok,24
2025-09-20,A,Prog_Diaria_Inicial_Aislado_200925.xlsx,2025,ok,24
2025-09-20,F,Prog_Diaria200925.xlsx,2025,ok,24
2025-09-21,A,Prog_Diaria_Inicial_Aislado_210925.xlsx,2025,ok,24
2025-09-21,F,Prog_Diaria210925.xlsx,2025,ok,24
2025-09-22,A,Prog_Diaria_Inicial_Aislado_220925.xlsx,2025,ok,24
2025-09-22,F,Prog_Diaria220925.xlsx,2025,ok,24
2025-09-23,A,Prog_Diaria_Inicial_Aislado_230925.xlsx,2025,ok,24
2025-09-23,F,Prog_Diaria230925.xlsx,2025,ok,24
2025-09-24,A,Prog_Diaria_Inicial_Aislado_240925.xlsx,2025,ok,24
2025-09-24,F,Prog_Diaria240925.xlsx,2025,ok,24
2025-09-25,A,Prog_Diaria_Inicial_Aislado_250925.xlsx,2025,ok,24
2025-09-25,F,Prog_Diaria250925.xlsx,2025,ok,24
2025-09-26,A,Prog_Diaria_Inicial_Aislado_260925.xlsx,2025,ok,24
2025-09-26,F,Prog_Diaria260925.xlsx,2025,ok,24
2025-09-27,A,Prog_Diaria_Inicial_Aislado_270925.xlsx,2025,ok,24
2025-09-27,F,Prog_Diaria270925.xlsx,2025,ok,24
2025-09-28,A,Prog_Diaria_Inicial_Aislado_280925.xlsx,2025,ok,24
2025-09-28,F,Prog_Diaria280925.xlsx,2025,ok,24
2025-09-29,A,Prog_Diaria_Inicial_Aislado_290925.xlsx,2025,ok,24
2025-09-29,F,Prog_Diaria290925.xlsx,2025,ok,24
2025-09-30,A,Prog_Diaria_Inicial_Aislado_300925.xlsx,2025,ok,24
2025-09-30,F,Prog_Diaria300925.xlsx,2025,ok,24
2025-10-01,A,Prog_Diaria_Inicial_Aislado_011025.xlsx,2025,ok,24
2025-10-01,F,Prog_Diaria011025.xlsx,2025,ok,24
2025-10-02,A,Prog_Diaria_Inicial_Aislado_021025.xlsx,2025,ok,24
2025-10-02,F,Prog_Diaria021025.xlsx,2025,ok,24
2025-10-03,A,Prog_Diaria_Inicial_Aislado_031025.xlsx,2025,ok,24
2025-10-03,F,Prog_Diaria031025.xlsx,2025,ok,24
2025-10-04,A,Prog_Diaria_Inicial_Aislado_041025.xlsx,2025,ok,24
2025-10-04,F,Prog_Diaria041025.xlsx,2025,ok,24
2025-10-05,A,Prog_Diaria_Inicial_Aislado_051025.xlsx,2025,ok,24
2025-10-05,F,Prog_Diaria051025.xlsx,2025,ok,24
2025-10-06,A,Prog_Diaria_Inicial_Aislado_061025.xlsx,2025,ok,24
2025-10-06,F,Prog_Diaria061025.xlsx,2025,ok,24
2025-10-07,A,Prog_Diaria_Inicial_Aislado_071025.xlsx,2025,ok,24
2025-10-07,F,Prog_Diaria071025.xlsx,2025,ok,24
2025-10-08,A,Prog_Diaria_Inicial_Aislado_081025.xlsx,2025,ok,24
2025-10-08,F,Prog_Diaria081025.xlsx,2025,ok,24
2025-10-09,A,Prog_Diaria_Inicial_Aislado_091025.xlsx,2025,ok,24
2025-10-09,F,Prog_Diaria091025.xlsx,2025,ok,24
2025-10-10,A,Prog_Diaria_Inicial_Aislado_101025.xlsx,2025,ok,24
2025-10-10,F,Prog_Diaria101025.xlsx,2025,ok,24
2025-10-11,A,Prog_Diaria_Inicial_Aislado_111025.xlsx,2025,ok,24
2025-10-11,F,Prog_Diaria111025.xlsx,2025,ok,24
2025-10-12,A,Prog_Diaria_Inicial_Aislado_121025.xlsx,2025,ok,24
2025-10-12,F,Prog_Diaria121025.xlsx,2025,ok,24
2025-10-13,A,Prog_Diaria_Inicial_Aislado_131025.xlsx,2025,ok,24
2025-10-13,F,Prog_Diaria131025.xlsx,2025,ok,24
2025-10-14,A,Prog_Diaria_Inicial_Aislado_141025.xlsx,2025,ok,24
2025-10-14,F,Prog_Diaria141025.xlsx,2025,ok,24
2025-10-15,A,Prog_Diaria_Inicial_Aislado_151025.xlsx,2025,ok,24
2025-10-15,F,Prog_Diaria151025.xlsx,2025,ok,24
2025-10-16,A,Prog_Diaria_Inicial_Aislado_161025.xlsx,2025,ok,24
2025-10-16,F,Prog_Diaria161025.xlsx,2025,ok,24
2025-10-17,A,Prog_Diaria_Inicial_Aislado_171025.xlsx,2025,ok,24
2025-10-17,F,Prog_Diaria171025.xlsx,2025,ok,24
2025-10-18,A,Prog_Diaria_Inicial_Aislado_181025.xlsx,2025,ok,24
2025-10-18,F,Prog_Diaria181025.xlsx,2025,ok,24
2025-10-19,A,Prog_Diaria_Inicial_Aislado_191025.xlsx,2025,ok,24
2025-10-19,F,Prog_Diaria191025.xlsx,2025,ok,24
2025-10-20,A,Prog_Diaria_Inicial_Aislado_201025.xlsx,2025,ok,24
2025-10-20,F,Prog_Diaria201025.xlsx,2025,ok,24
2025-10-21,A,Prog_Diaria_Inicial_Aislado_211025.xlsx,2025,ok,24
2025-10-21,F,Prog_Diaria211025.xlsx,2025,ok,24
2025-10-22,A,Prog_Diaria_Inicial_Aislado_221025.xlsx,2025,ok,24
2025-10-22,F,Prog_Diaria221025.xlsx,2025,ok,24
2025-10-23,A,Prog_Diaria_Inicial_Aislado_231025.xlsx,2025,ok,24
2025-10-23,F,Prog_Diaria231025.xlsx,2025,ok,24
2025-10-24,A,Prog_Diaria_Inicial_Aislado_241025.xlsx,2025,ok,24
2025-10-24,F,Prog_Diaria241025.xlsx,2025,ok,24
2025-10-25,A,Prog_Diaria_Inicial_Aislado_251025.xlsx,2025,ok,24
2025-10-25,F,Prog_Diaria251025.xlsx,2025,ok,24
2025-10-26,A,Prog_Diaria_Inicial_Aislado_261025.xlsx,2025,ok,24
2025-10-26,F,Prog_Diaria261025.xlsx,2025,ok,24
2025-10-27,A,Prog_Diaria_Inicial_Aislado_271025.xlsx,2025,ok,24
2025-10-27,F,Prog_Diaria271025.xlsx,2025,ok,24
2025-10-28,A,Prog_Diaria_Inicial_Aislado_281025.xlsx,2025,ok,24
2025-10-28,F,Prog_Diaria281025.xlsx,2025,ok,24
2025-10-29,A,Prog_Diaria_Inicial_Aislado_291025.xlsx,2025,ok,24
2025-10-29,F,Prog_Diaria291025.xlsx,2025,ok,24
2025-10-30,A,Prog_Diaria_Inicial_Aislado_301025.xlsx,2025,ok,24
2025-10-30,F,Prog_Diaria301025.xlsx,2025,ok,24
2025-10-31,A,Prog_Diaria_Inicial_Aislado_311025.xlsx,2025,ok,24
2025-10-31,F,Prog_Diaria311025.xlsx,2025,ok,24
2025-11-01,A,Prog_Diaria_Inicial_Aislado_011125.xlsx,2025,ok,24
2025-11-01,F,Prog_Diaria011125.xlsx,2025,ok,24
2025-11-02,A,Prog_Diaria_Inicial_Aislado_021125.xlsx,2025,ok,24
2025-11-02,F,Prog_Diaria021125.xlsx,2025,ok,24
2025-11-03,A,Prog_Diaria_Inicial_Aislado_031125.xlsx,2025,ok,24
2025-11-03,F,Prog_Diaria031125.xlsx,2025,ok,24
2025-11-04,A,Prog_Diaria_Inicial_Aislado_041125.xlsx,2025,ok,24
2025-11-04,F,Prog_Diaria041125.xlsx,2025,ok,24
2025-11-05,A,Prog_Diaria_Inicial_Aislado_051125.xlsx,2025,ok,24
2025-11-05,F,Prog_Diaria051125.xlsx,2025,ok,24
2025-11-06,A,Prog_Diaria_Inicial_Aislado_061125.xlsx,2025,ok,24
2025-11-06,F,Prog_Diaria061125.xlsx,2025,ok,24
2025-11-07,A,Prog_Diaria_Inicial_Aislado_071125.xlsx,2025,ok,24
2025-11-07,F,Prog_Diaria071125.xlsx,2025,ok,24
2025-11-08,A,Prog_Diaria_Inicial_Aislado_081125.xlsx,2025,ok,24
2025-11-08,F,Prog_Diaria081125.xlsx,2025,ok,24
2025-11-09,A,Prog_Diaria_Inicial_Aislado_091125.xlsx,2025,ok,24
2025-11-09,F,Prog_Diaria091125.xlsx,2025,ok,24
2025-11-10,A,Prog_Diaria_Inicial_Aislado_101125.xlsx,2025,ok,24
2025-11-10,F,Prog_Diaria101125.xlsx,2025,ok,24
2025-11-11,A,Prog_Diaria_Inicial_Aislado_111125.xlsx,2025,ok,24
2025-11-11,F,Prog_Diaria111125.xlsx,2025,ok,24
2025-11-12,A,Prog_Diaria_Inicial_Aislado_121125.xlsx,2025,ok,24
2025-11-12,F,Prog_Diaria121125.xlsx,2025,ok,24
2025-11-13,A,Prog_Diaria_Inicial_Aislado_131125.xlsx,2025,ok,24
2025-11-13,F,Prog_Diaria131125.xlsx,2025,ok,24
2025-11-14,A,Prog_Diaria_Inicial_Aislado_141125.xlsx,2025,ok,24
2025-11-14,F,Prog_Diaria141125.xlsx,2025,ok,24
2025-11-15,A,Prog_Diaria_Inicial_Aislado_151125.xlsx,2025,ok,24
2025-11-15,F,Prog_Diaria151125.xlsx,2025,ok,24
2025-11-16,A,Prog_Diaria_Inicial_Aislado_161125.xlsx,2025,ok,24
2025-11-16,F,Prog_Diaria161125.xlsx,2025,ok,24
2025-11-17,A,Prog_Diaria_Inicial_Aislado_171125.xlsx,2025,ok,24
2025-11-17,F,Prog_Diaria171125.xlsx,2025,ok,24
2025-11-18,A,Prog_Diaria_Inicial_Aislado_181125.xlsx,2025,ok,24
2025-11-18,F,Prog_Diaria181125.xlsx,2025,ok,24
2025-11-19,A,Prog_Diaria_Inicial_Aislado_191125.xlsx,2025,ok,24
2025-11-19,F,Prog_Diaria191125.xlsx,2025,ok,24
2025-11-20,A,Prog_Diaria_Inicial_Aislado_201125.xlsx,2025,ok,24
2025-11-20,F,Prog_Diaria201125.xlsx,2025,ok,24
2025-11-21,A,Prog_Diaria_Inicial_Aislado_211125.xlsx,2025,ok,24
2025-11-21,F,Prog_Diaria211125.xlsx,2025,ok,24
2025-11-22,A,Prog_Diaria_Inicial_Aislado_221125.xlsx,2025,ok,24
2025-11-22,F,Prog_Diaria221125.xlsx,2025,ok,24
2025-11-23,A,Prog_Diaria_Inicial_Aislado_231125.xlsx,2025,ok,24
2025-11-23,F,Prog_Diaria231125.xlsx,2025,ok,24
2025-11-24,A,Prog_Diaria_Inicial_Aislado_241125.xlsx,2025,ok,24
2025-11-24,F,Prog_Diaria241125.xlsx,2025,ok,24
2025-11-25,A,Prog_Diaria_Inicial_Aislado_251125.xlsx,2025,ok,24
2025-11-25,F,Prog_Diaria251125.xlsx,2025,ok,24
2025-11-26,A,Prog_Diaria_Inicial_Aislado_261125.xlsx,2025,ok,24
2025-11-26,F,Prog_Diaria261125.xlsx,2025,ok,24
2025-11-27,A,Prog_Diaria_Inicial_Aislado_271125.xlsx,2025,ok,24
2025-11-27,F,Prog_Diaria271125.xlsx,2025,ok,24
2025-11-28,A,Prog_Diaria_Inicial_Aislado_281125.xlsx,2025,ok,24
2025-11-28,F,Prog_Diaria281125.xlsx,2025,ok,24
2025-11-29,A,Prog_Diaria_Inicial_Aislado_291125.xlsx,2025,ok,24
2025-11-29,F,Prog_Diaria291125.xlsx,2025,ok,24
2025-11-30,A,Prog_Diaria_Inicial_Aislado_301125.xlsx,2025,ok,24
2025-11-30,F,Prog_Diaria301125.xlsx,2025,ok,24
2025-12-01,A,Prog_Diaria_Inicial_Aislado_011225.xlsx,2025,ok,24
2025-12-01,F,Prog_Diaria011225.xlsx,2025,ok,24
2025-12-02,A,Prog_Diaria_Inicial_Aislado_021225.xlsx,2025,ok,24
2025-12-02,F,Prog_Diaria021225.xlsx,2025,ok,24
2025-12-03,A,Prog_Diaria_Inicial_Aislado_031225.xlsx,2025,ok,24
2025-12-03,F,Prog_Diaria031225.xlsx,2025,ok,24
2025-12-04,A,Prog_Diaria_Inicial_Aislado_041225.xlsx,2025,ok,24
2025-12-04,F,Prog_Diaria041225.xlsx,2025,ok,24
2025-12-05,A,Prog_Diaria_Inicial_Aislado_051225.xlsx,2025,ok,24
2025-12-05,F,Prog_Diaria051225.xlsx,2025,ok,24
2025-12-06,A,Prog_Diaria_Inicial_Aislado_061225.xlsx,2025,ok,24
2025-12-06,F,Prog_Diaria061225.xlsx,2025,ok,24
2025-12-07,A,Prog_Diaria_Inicial_Aislado_071225.xlsx,2025,ok,24
2025-12-07,F,Prog_Diaria071225.xlsx,2025,ok,24
2025-12-08,A,Prog_Diaria_Inicial_Aislado_081225.xlsx,2025,ok,24
2025-12-08,F,Prog_Diaria081225.xlsx,2025,ok,24
2025-12-09,A,Prog_Diaria_Inicial_Aislado_091225.xlsx,2025,ok,24
2025-12-09,F,Prog_Diaria091225.xlsx,2025,ok,24
2025-12-10,A,Prog_Diaria_Inicial_Aislado_101225.xlsx,2025,ok,24
2025-12-10,F,Prog_Diaria101225.xlsx,2025,ok,24
2025-12-11,A,Prog_Diaria_Inicial_Aislado_111225.xlsx,2025,ok,24
2025-12-11,F,Prog_Diaria111225.xlsx,2025,ok,24
2025-12-12,A,Prog_Diaria_Inicial_Aislado_121225.xlsx,2025,ok,24
2025-12-12,F,Prog_Diaria121225.xlsx,2025,ok,24
2025-12-13,A,Prog_Diaria_Inicial_Aislado_131225.xlsx,2025,ok,24
2025-12-13,F,Prog_Diaria131225.xlsx,2025,ok,24
2025-12-14,A,Prog_Diaria_Inicial_Aislado_141225.xlsx,2025,ok,24
2025-12-14,F,Prog_Diaria141225.xlsx,2025,ok,24
2025-12-15,A,Prog_Diaria_Inicial_Aislado_151225.xlsx,2025,ok,24
2025-12-15,F,Prog_Diaria151225.xlsx,2025,ok,24
2025-12-16,A,Prog_Diaria_Inicial_Aislado_161225.xlsx,2025,ok,24
2025-12-16,F,Prog_Diaria161225.xlsx,2025,ok,24
2025-12-17,A,Prog_Diaria_Inicial_Aislado_171225.xlsx,2025,ok,24
2025-12-17,F,Prog_Diaria171225.xlsx,2025,ok,24
2025-12-18,A,Prog_Diaria_Inicial_Aislado_181225.xlsx,2025,ok,24
2025-12-18,F,Prog_Diaria181225.xlsx,2025,ok,24
2025-12-19,A,Prog_Diaria_Inicial_Aislado_191225.xlsx,2025,ok,24
2025-12-19,F,Prog_Diaria191225.xlsx,2025,ok,24
2025-12-20,A,Prog_Diaria_Inicial_Aislado_201225.xlsx,2025,ok,24
2025-12-20,F,Prog_Diaria201225.xlsx,2025,ok,24
2025-12-21,A,Prog_Diaria_Inicial_Aislado_211225.xlsx,2025,ok,24
2025-12-21,F,Prog_Diaria211225.xlsx,2025,ok,24
2025-12-22,A,Prog_Diaria_Inicial_Aislado_221225.xlsx,2025,ok,24
2025-12-22,F,Prog_Diaria221225.xlsx,2025,ok,24
2025-12-23,A,Prog_Diaria_Inicial_Aislado_231225.xlsx,2025,ok,24
2025-12-23,F,Prog_Diaria231225.xlsx,2025,ok,24
2025-12-24,A,Prog_Diaria_Inicial_Aislado_241225.xlsx,2025,ok,24
2025-12-24,F,Prog_Diaria241225.xlsx,2025,ok,24
2025-12-25,A,Prog_Diaria_Inicial_Aislado_251225.xlsx,2025,ok,24
2025-12-25,F,Prog_Diaria251225.xlsx,2025,ok,24
2025-12-26,A,Prog_Diaria_Inicial_Aislado_261225.xlsx,2025,ok,24
2025-12-26,F,Prog_Diaria261225.xlsx,2025,ok,24
2025-12-27,A,Prog_Diaria_Inicial_Aislado_271225.xlsx,2025,ok,24
2025-12-27,F,Prog_Diaria271225.xlsx,2025,ok,24
2025-12-28,A,Prog_Diaria_Inicial_Aislado_281225.xlsx,2025,ok,24
2025-12-28,F,Prog_Diaria281225.xlsx,2025,ok,24
2025-12-29,A,Prog_Diaria_Inicial_Aislado_291225.xlsx,2025,ok,24
2025-12-29,F,Prog_Diaria291225.xlsx,2025,ok,24
2025-12-30,A,Prog_Diaria_Inicial_Aislado_301225.xlsx,2025,ok,24
2025-12-30,F,Prog_Diaria301225.xlsx,2025,ok,24
2025-12-31,A,Prog_Diaria_Inicial_Aislado_311225.xlsx,2025,ok,24
2025-12-31,F,Prog_Diaria311225.xlsx,2025,ok,24
2026-01-01,A,Prog_Diaria_Inicial_Aislado_010126.xlsx,2026,ok,24
2026-01-01,F,Prog_Diaria010126.xlsx,2026,ok,24
2026-01-02,A,Prog_Diaria_Inicial_Aislado_020126.xlsx,2026,ok,24
2026-01-02,F,Prog_Diaria020126.xlsx,2026,ok,24
2026-01-03,A,Prog_Diaria_Inicial_Aislado_030126.xlsx,2026,ok,24
2026-01-03,F,Prog_Diaria030126.xlsx,2026,ok,24
2026-01-04,A,Prog_Diaria_Inicial_Aislado_040126.xlsx,2026,ok,24
2026-01-04,F,Prog_Diaria040126.xlsx,2026,ok,24
2026-01-05,A,Prog_Diaria_Inicial_Aislado_050126.xlsx,2026,ok,24
2026-01-05,F,Prog_Diaria050126.xlsx,2026,ok,24
2026-01-06,A,Prog_Diaria_Inicial_Aislado_060126.xlsx,2026,ok,24
2026-01-06,F,Prog_Diaria060126.xlsx,2026,ok,24
2026-01-07,A,Prog_Diaria_Inicial_Aislado_070126.xlsx,2026,ok,24
2026-01-07,F,Prog_Diaria070126.xlsx,2026,ok,24
2026-01-08,A,Prog_Diaria_Inicial_Aislado_080126.xlsx,2026,ok,24
2026-01-08,F,Prog_Diaria080126.xlsx,2026,ok,24
2026-01-09,A,Prog_Diaria_Inicial_Aislado_090126.xlsx,2026,ok,24
2026-01-09,F,Prog_Diaria090126.xlsx,2026,ok,24
2026-01-10,A,Prog_Diaria_Inicial_Aislado_100126.xlsx,2026,ok,24
2026-01-10,F,Prog_Diaria100126.xlsx,2026,ok,24
2026-01-11,A,Prog_Diaria_Inicial_Aislado_110126.xlsx,2026,ok,24
2026-01-11,F,Prog_Diaria110126.xlsx,2026,ok,24
2026-01-12,A,Prog_Diaria_Inicial_Aislado_120126.xlsx,2026,ok,24
2026-01-12,F,Prog_Diaria120126.xlsx,2026,ok,24
2026-01-13,A,Prog_Diaria_Inicial_Aislado_130126.xlsx,2026,ok,24
2026-01-13,F,Prog_Diaria130126.xlsx,2026,ok,24
2026-01-14,A,Prog_Diaria_Inicial_Aislado_140126.xlsx,2026,ok,24
2026-01-14,F,Prog_Diaria140126.xlsx,2026,ok,24
2026-01-15,A,Prog_Diaria_Inicial_Aislado_150126.xlsx,2026,ok,24
2026-01-15,F,Prog_Diaria150126.xlsx,2026,ok,24
2026-01-16,A,Prog_Diaria_Inicial_Aislado_160126.xlsx,2026,ok,24
2026-01-16,F,Prog_Diaria160126.xlsx,2026,ok,24
2026-01-17,A,Prog_Diaria_Inicial_Aislado_170126.xlsx,2026,ok,24
2026-01-17,F,Prog_Diaria170126.xlsx,2026,ok,24
2026-01-18,A,Prog_Diaria_Inicial_Aislado_180126.xlsx,2026,ok,24
2026-01-18,F,Prog_Diaria180126.xlsx,2026,ok,24
2026-01-19,A,Prog_Diaria_Inicial_Aislado_190126.xlsx,2026,ok,24
2026-01-19,F,Prog_Diaria190126.xlsx,2026,ok,24
2026-01-20,A,Prog_Diaria_Inicial_Aislado_200126.xlsx,2026,ok,24
2026-01-20,F,Prog_Diaria200126.xlsx,2026,ok,24
2026-01-21,A,Prog_Diaria_Inicial_Aislado_210126.xlsx,2026,ok,24
2026-01-21,F,Prog_Diaria210126.xlsx,2026,ok,24
2026-01-22,A,Prog_Diaria_Inicial_Aislado_220126.xlsx,2026,ok,24
2026-01-22,F,Prog_Diaria220126.xlsx,2026,ok,24
2026-01-23,A,Prog_Diaria_Inicial_Aislado_230126.xlsx,2026,ok,24
2026-01-23,F,Prog_Diaria230126.xlsx,2026,ok,24
2026-01-24,A,Prog_Diaria_Inicial_Aislado_240126.xlsx,2026,ok,24
2026-01-24,F,Prog_Diaria240126.xlsx,2026,ok,24
2026-01-25,A,Prog_Diaria_Inicial_Aislado_250126.xlsx,2026,ok,24
2026-01-25,F,Prog_Diaria250126.xlsx,2026,ok,24
2026-01-26,A,Prog_Diaria_Inicial_Aislado_260126.xlsx,2026,ok,24
2026-01-26,F,Prog_Diaria260126.xlsx,2026,ok,24
2026-01-27,A,Prog_Diaria_Inicial_Aislado_270126.xlsx,2026,ok,24
2026-01-27,F,Prog_Diaria270126.xlsx,2026,ok,24
2026-01-28,A,Prog_Diaria_Inicial_Aislado_280126.xlsx,2026,ok,24
2026-01-28,F,Prog_Diaria280126.xlsx,2026,ok,24
2026-01-29,A,Prog_Diaria_Inicial_Aislado_290126.xlsx,2026,ok,24
2026-01-29,F,Prog_Diaria290126.xlsx,2026,ok,24
2026-01-30,A,Prog_Diaria_Inicial_Aislado_300126.xlsx,2026,ok,24
2026-01-30,F,Prog_Diaria300126.xlsx,2026,ok,24
2026-01-31,A,Prog_Diaria_Inicial_Aislado_310126.xlsx,2026,ok,24
2026-01-31,F,Prog_Diaria310126.xlsx,2026,ok,24
2026-02-01,A,Prog_Diaria_Inicial_Aislado_010226.xlsx,2026,ok,24
2026-02-01,F,Prog_Diaria010226.xlsx,2026,ok,24
2026-02-02,A,Prog_Diaria_Inicial_Aislado_020226.xlsx,2026,ok,24
2026-02-02,F,Prog_Diaria020226.xlsx,2026,ok,24
2026-02-03,A,Prog_Diaria_Inicial_Aislado_030226.xlsx,2026,ok,24
2026-02-03,F,Prog_Diaria030226.xlsx,2026,ok,24
2026-02-04,A,Prog_Diaria_Inicial_Aislado_040226.xlsx,2026,ok,24
2026-02-04,F,Prog_Diaria040226.xlsx,2026,ok,24
2026-02-05,A,Prog_Diaria_Inicial_Aislado_050226.xlsx,2026,ok,24
2026-02-05,F,Prog_Diaria050226.xlsx,2026,ok,24
2026-02-06,A,Prog_Diaria_Inicial_Aislado_060226.xlsx,2026,ok,24
2026-02-06,F,Prog_Diaria060226.xlsx,2026,ok,24
2026-02-07,A,Prog_Diaria_Inicial_Aislado_070226.xlsx,2026,ok,24
2026-02-07,F,Prog_Diaria070226.xlsx,2026,ok,24
2026-02-08,A,Prog_Diaria_Inicial_Aislado_080226.xlsx,2026,ok,24
2026-02-08,F,Prog_Diaria080226.xlsx,2026,ok,24
2026-02-09,A,Prog_Diaria_Inicial_Aislado_090226.xlsx,2026,ok,24
2026-02-09,F,Prog_Diaria090226.xlsx,2026,ok,24
2026-02-10,A,Prog_Diaria_Inicial_Aislado_100226.xlsx,2026,ok,24
2026-02-10,F,Prog_Diaria100226.xlsx,2026,ok,24
2026-02-11,A,Prog_Diaria_Inicial_Aislado_110226.xlsx,2026,ok,24
2026-02-11,F,Prog_Diaria110226.xlsx,2026,ok,24
2026-02-12,A,Prog_Diaria_Inicial_Aislado_120226.xlsx,2026,ok,24
2026-02-12,F,Prog_Diaria120226.xlsx,2026,ok,24
2026-02-13,A,Prog_Diaria_Inicial_Aislado_130226.xlsx,2026,ok,24
2026-02-13,F,Prog_Diaria130226.xlsx,2026,ok,24
2026-02-14,A,Prog_Diaria_Inicial_Aislado_140226.xlsx,2026,ok,24
2026-02-14,F,Prog_Diaria140226.xlsx,2026,ok,24
2026-02-15,A,Prog_Diaria_Inicial_Aislado_150226.xlsx,2026,ok,24
2026-02-15,F,Prog_Diaria150226.xlsx,2026,ok,24
2026-02-16,A,Prog_Diaria_Inicial_Aislado_160226.xlsx,2026,ok,24
2026-02-16,F,Prog_Diaria160226.xlsx,2026,ok,24
2026-02-17,A,Prog_Diaria_Inicial_Aislado_170226.xlsx,2026,ok,24
2026-02-17,F,Prog_Diaria170226.xlsx,2026,ok,24
2026-02-18,A,Prog_Diaria_Inicial_Aislado_180226.xlsx,2026,ok,24
2026-02-18,F,Prog_Diaria180226.xlsx,2026,ok,24
2026-02-19,A,Prog_Diaria_Inicial_Aislado_190226.xlsx,2026,ok,24
2026-02-19,F,Prog_Diaria190226.xlsx,2026,ok,24
2026-02-20,A,Prog_Diaria_Inicial_Aislado_200226.xlsx,2026,ok,24
2026-02-20,F,Prog_Diaria200226.xlsx,2026,ok,24
2026-02-21,A,Prog_Diaria_Inicial_Aislado_210226.xlsx,2026,ok,24
2026-02-21,F,Prog_Diaria210226.xlsx,2026,ok,24
2026-02-22,A,Prog_Diaria_Inicial_Aislado_220226.xlsx,2026,ok,24
2026-02-22,F,Prog_Diaria220226.xlsx,2026,ok,24
2026-02-23,A,Prog_Diaria_Inicial_Aislado_230226.xlsx,2026,ok,24
2026-02-23,F,Prog_Diaria230226.xlsx,2026,ok,24
2026-02-24,A,Prog_Diaria_Inicial_Aislado_240226.xlsx,2026,ok,24
2026-02-24,F,Prog_Diaria240226.xlsx,2026,ok,24
2026-02-25,A,Prog_Diaria_Inicial_Aislado_250226.xlsx,2026,ok,24
2026-02-25,F,Prog_Diaria250226.xlsx,2026,ok,24
2026-02-26,A,Prog_Diaria_Inicial_Aislado_260226.xlsx,2026,ok,24
2026-02-26,F,Prog_Diaria260226.xlsx,2026,ok,24
2026-02-27,A,Prog_Diaria_Inicial_Aislado_270226.xlsx,2026,ok,24
2026-02-27,F,Prog_Diaria270226.xlsx,2026,ok,24
2026-02-28,A,Prog_Diaria_Inicial_Aislado_280226.xlsx,2026,ok,24
2026-02-28,F,Prog_Diaria280226.xlsx,2026,ok,24
2026-03-01,A,Prog_Diaria_Inicial_Aislado_010326.xlsx,2026,ok,24
2026-03-01,F,Prog_Diaria010326.xlsx,2026,ok,24
2026-03-02,A,Prog_Diaria_Inicial_Aislado_020326.xlsx,2026,ok,24
2026-03-02,F,Prog_Diaria020326.xlsx,2026,ok,24
2026-03-03,A,Prog_Diaria_Inicial_Aislado_030326.xlsx,2026,ok,24
2026-03-03,F,Prog_Diaria030326.xlsx,2026,ok,24
2026-03-04,A,Prog_Diaria_Inicial_Aislado_040326.xlsx,2026,ok,24
2026-03-04,F,Prog_Diaria040326.xlsx,2026,ok,24
2026-03-05,A,Prog_Diaria_Inicial_Aislado_050326.xlsx,2026,ok,24
2026-03-05,F,Prog_Diaria050326.xlsx,2026,ok,24
2026-03-06,A,Prog_Diaria_Inicial_Aislado_060326.xlsx,2026,ok,24
2026-03-06,F,Prog_Diaria060326.xlsx,2026,ok,24
2026-03-07,A,Prog_Diaria_Inicial_Aislado_070326.xlsx,2026,ok,24
2026-03-07,F,Prog_Diaria070326.xlsx,2026,ok,24
2026-03-08,A,Prog_Diaria_Inicial_Aislado_080326.xlsx,2026,ok,24
2026-03-08,F,Prog_Diaria080326.xlsx,2026,ok,24
2026-03-09,A,Prog_Diaria_Inicial_Aislado_090326.xlsx,2026,ok,24
2026-03-09,F,Prog_Diaria090326.xlsx,2026,ok,24
2026-03-10,A,Prog_Diaria_Inicial_Aislado_100326.xlsx,2026,ok,24
2026-03-10,F,Prog_Diaria100326.xlsx,2026,ok,24
2026-03-11,A,Prog_Diaria_Inicial_Aislado_110326.xlsx,2026,ok,24
2026-03-11,F,Prog_Diaria110326.xlsx,2026,ok,24
2026-03-12,A,Prog_Diaria_Inicial_Aislado_120326.xlsx,2026,ok,24
2026-03-12,F,Prog_Diaria120326.xlsx,2026,ok,24
2026-03-13,A,Prog_Diaria_Inicial_Aislado_130326.xlsx,2026,ok,24
2026-03-13,F,Prog_Diaria130326.xlsx,2026,ok,24
2026-03-14,A,Prog_Diaria_Inicial_Aislado_140326.xlsx,2026,ok,24
2026-03-14,F,Prog_Diaria140326.xlsx,2026,ok,24
2026-03-15,A,Prog_Diaria_Inicial_Aislado_150326.xlsx,2026,ok,24
2026-03-15,F,Prog_Diaria150326.xlsx,2026,ok,24
2026-03-16,A,Prog_Diaria_Inicial_Aislado_160326.xlsx,2026,ok,24
2026-03-16,F,Prog_Diaria160326.xlsx,2026,ok,24
2026-03-17,A,Prog_Diaria_Inicial_Aislado_170326.xlsx,2026,ok,24
2026-03-17,F,Prog_Diaria170326.xlsx,2026,ok,24
2026-03-18,A,Prog_Diaria_Inicial_Aislado_180326.xlsx,2026,ok,24
2026-03-18,F,Prog_Diaria180326.xlsx,2026,ok,24
2026-03-19,A,Prog_Diaria_Inicial_Aislado_190326.xlsx,2026,ok,24
2026-03-19,F,Prog_Diaria190326.xlsx,2026,ok,24
2026-03-20,A,Prog_Diaria_Inicial_Aislado_200326.xlsx,2026,ok,24
2026-03-20,F,Prog_Diaria200326.xlsx,2026,ok,24
2026-03-21,A,Prog_Diaria_Inicial_Aislado_210326.xlsx,2026,ok,24
2026-03-21,F,Prog_Diaria210326.xlsx,2026,ok,24
2026-03-22,A,Prog_Diaria_Inicial_Aislado_220326.xlsx,2026,ok,24
2026-03-22,F,Prog_Diaria220326.xlsx,2026,ok,24
2026-03-23,A,Prog_Diaria_Inicial_Aislado_230326.xlsx,2026,ok,24
2026-03-23,F,Prog_Diaria230326.xlsx,2026,ok,24
2026-03-24,A,Prog_Diaria_Inicial_Aislado_240326.xlsx,2026,ok,24
2026-03-24,F,Prog_Diaria240326.xlsx,2026,ok,24
2026-03-25,A,Prog_Diaria_Inicial_Aislado_250326.xlsx,2026,ok,24
2026-03-25,F,Prog_Diaria250326.xlsx,2026,ok,24
2026-03-26,A,Prog_Diaria_Inicial_Aislado_260326.xlsx,2026,ok,24
2026-03-26,F,Prog_Diaria260326.xlsx,2026,ok,24
2026-03-27,A,Prog_Diaria_Inicial_Aislado_270326.xlsx,2026,ok,24
2026-03-27,F,Prog_Diaria270326.xlsx,2026,ok,24
2026-03-28,A,Prog_Diaria_Inicial_Aislado_280326.xlsx,2026,ok,24
2026-03-28,F,Prog_Diaria280326.xlsx,2026,ok,24
2026-03-29,A,Prog_Diaria_Inicial_Aislado_290326.xlsx,2026,ok,24
2026-03-29,F,Prog_Diaria290326.xlsx,2026,ok,24
2026-03-30,A,Prog_Diaria_Inicial_Aislado_300326.xlsx,2026,ok,24
2026-03-30,F,Prog_Diaria300326.xlsx,2026,ok,24
2026-03-31,A,Prog_Diaria_Inicial_Aislado_310326.xlsx,2026,ok,24
2026-03-31,F,Prog_Diaria310326.xlsx,2026,ok,24
2026-04-01,A,Prog_Diaria_Inicial_Aislado_010426.xlsx,2026,ok,24
2026-04-01,F,Prog_Diaria010426.xlsx,2026,ok,24
2026-04-02,A,Prog_Diaria_Inicial_Aislado_020426.xlsx,2026,ok,24
2026-04-02,F,Prog_Diaria020426.xlsx,2026,ok,24
2026-04-03,A,Prog_Diaria_Inicial_Aislado_030426.xlsx,2026,ok,24
2026-04-03,F,Prog_Diaria030426.xlsx,2026,ok,24
2026-04-04,A,Prog_Diaria_Inicial_Aislado_040426.xlsx,2026,ok,24
2026-04-04,F,Prog_Diaria040426.xlsx,2026,ok,24
2026-04-05,A,Prog_Diaria_Inicial_Aislado_050426.xlsx,2026,ok,24
2026-04-05,F,Prog_Diaria050426.xlsx,2026,ok,24
2026-04-06,A,Prog_Diaria_Inicial_Aislado_060426.xlsx,2026,ok,24
2026-04-06,F,Prog_Diaria060426.xlsx,2026,ok,24
2026-04-07,A,Prog_Diaria_Inicial_Aislado_070426.xlsx,2026,ok,24
2026-04-07,F,Prog_Diaria070426.xlsx,2026,ok,24
2026-04-08,A,Prog_Diaria_Inicial_Aislado_080426.xlsx,2026,ok,24
2026-04-08,F,Prog_Diaria080426.xlsx,2026,ok,24
2026-04-09,A,Prog_Diaria_Inicial_Aislado_090426.xlsx,2026,ok,24
2026-04-09,F,Prog_Diaria090426.xlsx,2026,ok,24
2026-04-10,A,Prog_Diaria_Inicial_Aislado_100426.xlsx,2026,ok,24
2026-04-10,F,Prog_Diaria100426.xlsx,2026,ok,24
2026-04-11,A,Prog_Diaria_Inicial_Aislado_110426.xlsx,2026,ok,24
2026-04-11,F,Prog_Diaria110426.xlsx,2026,ok,24
2026-04-12,A,Prog_Diaria_Inicial_Aislado_120426.xlsx,2026,ok,24
2026-04-12,F,Prog_Diaria120426.xlsx,2026,ok,24
2026-04-13,A,Prog_Diaria_Inicial_Aislado_130426.xlsx,2026,ok,24
2026-04-13,F,Prog_Diaria130426.xlsx,2026,ok,24
2026-04-14,A,Prog_Diaria_Inicial_Aislado_140426.xlsx,2026,ok,24
2026-04-14,F,Prog_Diaria140426.xlsx,2026,ok,24
2026-04-15,A,Prog_Diaria_Inicial_Aislado_150426.xlsx,2026,ok,24
2026-04-15,F,Prog_Diaria150426.xlsx,2026,ok,24
2026-04-16,A,Prog_Diaria_Inicial_Aislado_160426.xlsx,2026,ok,24
2026-04-16,F,Prog_Diaria160426.xlsx,2026,ok,24
2026-04-17,A,Prog_Diaria_Inicial_Aislado_170426.xlsx,2026,ok,24
2026-04-17,F,Prog_Diaria170426.xlsx,2026,ok,24
2026-04-18,A,Prog_Diaria_Inicial_Aislado_180426.xlsx,2026,ok,24
2026-04-18,F,Prog_Diaria180426.xlsx,2026,ok,24
2026-04-19,A,Prog_Diaria_Inicial_Aislado_190426.xlsx,2026,ok,24
2026-04-19,F,Prog_Diaria190426.xlsx,2026,ok,24
2026-04-20,A,Prog_Diaria_Inicial_Aislado_200426.xlsx,2026,ok,24
2026-04-20,F,Prog_Diaria200426.xlsx,2026,ok,24
2026-04-21,A,Prog_Diaria_Inicial_Aislado_210426.xlsx,2026,ok,24
2026-04-21,F,Prog_Diaria210426.xlsx,2026,ok,24
2026-04-22,A,Prog_Diaria_Inicial_Aislado_220426.xlsx,2026,ok,24
2026-04-22,F,Prog_Diaria220426.xlsx,2026,ok,24
2026-04-23,A,Prog_Diaria_Inicial_Aislado_230426.xlsx,2026,ok,24
2026-04-23,F,Prog_Diaria230426.xlsx,2026,ok,24
2026-04-24,A,Prog_Diaria_Inicial_Aislado_240426.xlsx,2026,ok,24
2026-04-24,F,Prog_Diaria240426.xlsx,2026,ok,24
2026-04-25,A,Prog_Diaria_Inicial_Aislado_250426.xlsx,2026,ok,24
2026-04-25,F,Prog_Diaria250426.xlsx,2026,ok,24
2026-04-26,A,Prog_Diaria_Inicial_Aislado_260426.xlsx,2026,ok,24
2026-04-26,F,Prog_Diaria260426.xlsx,2026,ok,24
2026-04-27,A,Prog_Diaria_Inicial_Aislado_270426.xlsx,2026,ok,24
2026-04-27,F,Prog_Diaria270426.xlsx,2026,ok,24
2026-04-28,A,Prog_Diaria_Inicial_Aislado_280426.xlsx,2026,ok,24
2026-04-28,F,Prog_Diaria280426.xlsx,2026,ok,24
2026-04-29,A,Prog_Diaria_Inicial_Aislado_290426.xlsx,2026,ok,24
2026-04-29,F,Prog_Diaria290426.xlsx,2026,ok,24
2026-04-30,A,Prog_Diaria_Inicial_Aislado_300426.xlsx,2026,ok,24
2026-04-30,F,Prog_Diaria300426.xlsx,2026,ok,24
2026-05-01,A,Prog_Diaria_Inicial_Aislado_010526.xlsx,2026,ok,24
2026-05-01,F,Prog_Diaria010526.xlsx,2026,ok,24
2026-05-02,A,Prog_Diaria_Inicial_Aislado_020526.xlsx,2026,ok,24
2026-05-02,F,Prog_Diaria020526.xlsx,2026,ok,24
2026-05-03,A,Prog_Diaria_Inicial_Aislado_030526.xlsx,2026,ok,24
2026-05-03,F,Prog_Diaria030526.xlsx,2026,ok,24
2026-05-04,A,Prog_Diaria_Inicial_Aislado_040526.xlsx,2026,ok,24
2026-05-04,F,Prog_Diaria040526.xlsx,2026,ok,24
2026-05-05,A,Prog_Diaria_Inicial_Aislado_050526.xlsx,2026,ok,24
2026-05-05,F,Prog_Diaria050526.xlsx,2026,ok,24
2026-05-06,A,Prog_Diaria_Inicial_Aislado_060526.xlsx,2026,ok,24
2026-05-06,F,Prog_Diaria060526.xlsx,2026,ok,24
2026-05-07,A,Prog_Diaria_Inicial_Aislado_070526.xlsx,2026,ok,24
2026-05-07,F,Prog_Diaria070526.xlsx,2026,ok,24
2026-05-08,A,Prog_Diaria_Inicial_Aislado_080526.xlsx,2026,ok,24
2026-05-08,F,Prog_Diaria080526.xlsx,2026,ok,24
2026-05-09,A,Prog_Diaria_Inicial_Aislado_090526.xlsx,2026,ok,24
2026-05-09,F,Prog_Diaria090526.xlsx,2026,ok,24
2026-05-10,A,Prog_Diaria_Inicial_Aislado_100526.xlsx,2026,ok,24
2026-05-10,F,Prog_Diaria100526.xlsx,2026,ok,24
2026-05-11,A,Prog_Diaria_Inicial_Aislado_110526.xlsx,2026,ok,24
2026-05-11,F,Prog_Diaria110526.xlsx,2026,ok,24
2026-05-12,A,Prog_Diaria_Inicial_Aislado_120526.xlsx,2026,ok,24
2026-05-12,F,Prog_Diaria120526.xlsx,2026,ok,24
2026-05-13,A,Prog_Diaria_Inicial_Aislado_130526.xlsx,2026,ok,24
2026-05-13,F,Prog_Diaria130526.xlsx,2026,ok,24
2026-05-14,A,Prog_Diaria_Inicial_Aislado_140526.xlsx,2026,ok,24
2026-05-14,F,Prog_Diaria140526.xlsx,2026,ok,24
2026-05-15,A,Prog_Diaria_Inicial_Aislado_150526.xlsx,2026,ok,24
2026-05-15,F,Prog_Diaria150526.xlsx,2026,ok,24
2026-05-16,A,Prog_Diaria_Inicial_Aislado_160526.xlsx,2026,ok,24
2026-05-16,F,Prog_Diaria160526.xlsx,2026,ok,24
2026-05-17,A,Prog_Diaria_Inicial_Aislado_170526.xlsx,2026,ok,24
2026-05-17,F,Prog_Diaria170526.xlsx,2026,ok,24
2026-05-18,A,Prog_Diaria_Inicial_Aislado_180526.xlsx,2026,ok,24
2026-05-18,F,Prog_Diaria180526.xlsx,2026,ok,24
2026-05-19,A,Prog_Diaria_Inicial_Aislado_190526.xlsx,2026,ok,24
2026-05-19,F,Prog_Diaria190526.xlsx,2026,ok,24
2026-05-20,A,Prog_Diaria_Inicial_Aislado_200526.xlsx,2026,ok,24
2026-05-20,F,Prog_Diaria200526.xlsx,2026,ok,24
2026-05-21,A,Prog_Diaria_Inicial_Aislado_210526.xlsx,2026,ok,24
2026-05-21,F,Prog_Diaria210526.xlsx,2026,ok,24
2026-05-22,A,Prog_Diaria_Inicial_Aislado_220526.xlsx,2026,ok,24
2026-05-22,F,Prog_Diaria220526.xlsx,2026,ok,24
2026-05-23,A,Prog_Diaria_Inicial_Aislado_230526.xlsx,2026,ok,24
2026-05-23,F,Prog_Diaria230526.xlsx,2026,ok,24
2026-05-24,A,Prog_Diaria_Inicial_Aislado_240526.xlsx,2026,ok,24
2026-05-24,F,Prog_Diaria240526.xlsx,2026,ok,24
2026-05-25,A,Prog_Diaria_Inicial_Aislado_250526.xlsx,2026,ok,24
2026-05-25,F,Prog_Diaria250526.xlsx,2026,ok,24
2026-05-26,A,Prog_Diaria_Inicial_Aislado_260526.xlsx,2026,ok,24
2026-05-26,F,Prog_Diaria260526.xlsx,2026,ok,24
2026-05-27,A,Prog_Diaria_Inicial_Aislado_270526.xlsx,2026,ok,24
2026-05-27,F,Prog_Diaria270526.xlsx,2026,ok,24
2026-05-28,A,Prog_Diaria_Inicial_Aislado_280526.xlsx,2026,ok,24
2026-05-28,F,Prog_Diaria280526.xlsx,2026,ok,24
2026-05-29,A,Prog_Diaria_Inicial_Aislado_290526.xlsx,2026,ok,24
2026-05-29,F,Prog_Diaria290526.xlsx,2026,ok,24
2026-05-30,A,Prog_Diaria_Inicial_Aislado_300526.xlsx,2026,ok,24
2026-05-30,F,Prog_Diaria300526.xlsx,2026,ok,24
2026-05-31,A,Prog_Diaria_Inicial_Aislado_310526.xlsx,2026,ok,24
2026-05-31,F,Prog_Diaria310526.xlsx,2026,ok,24
2026-06-01,A,Prog_Diaria_Inicial_Aislado_010626.xlsx,2026,ok,24
2026-06-01,F,Prog_Diaria010626.xlsx,2026,ok,24
2026-06-02,A,Prog_Diaria_Inicial_Aislado_020626.xlsx,2026,ok,24
2026-06-02,F,Prog_Diaria020626.xlsx,2026,ok,24
2026-06-03,A,Prog_Diaria_Inicial_Aislado_030626.xlsx,2026,ok,24
2026-06-03,F,Prog_Diaria030626.xlsx,2026,ok,24
2026-06-04,A,Prog_Diaria_Inicial_Aislado_040626.xlsx,2026,ok,24
2026-06-04,F,Prog_Diaria040626.xlsx,2026,ok,24
2026-06-05,A,Prog_Diaria_Inicial_Aislado_050626.xlsx,2026,ok,24
2026-06-05,F,Prog_Diaria050626.xlsx,2026,ok,24
2026-06-06,A,Prog_Diaria_Inicial_Aislado_060626.xlsx,2026,ok,24
2026-06-06,F,Prog_Diaria060626.xlsx,2026,ok,24
2026-06-07,A,Prog_Diaria_Inicial_Aislado_070626.xlsx,2026,ok,24
2026-06-07,F,Prog_Diaria070626.xlsx,2026,ok,24
2026-06-08,A,Prog_Diaria_Inicial_Aislado_080626.xlsx,2026,ok,24
2026-06-08,F,Prog_Diaria080626.xlsx,2026,ok,24
2026-06-09,A,Prog_Diaria_Inicial_Aislado_090626.xlsx,2026,ok,24
2026-06-09,F,Prog_Diaria090626.xlsx,2026,ok,24
2026-06-10,A,Prog_Diaria_Inicial_Aislado_100626.xlsx,2026,ok,24
2026-06-10,F,Prog_Diaria100626.xlsx,2026,ok,24
2026-06-11,A,Prog_Diaria_Inicial_Aislado_110626.xlsx,2026,ok,24
2026-06-11,F,Prog_Diaria110626.xlsx,2026,ok,24
2026-06-12,A,Prog_Diaria_Inicial_Aislado_120626.xlsx,2026,ok,24
2026-06-12,F,Prog_Diaria120626.xlsx,2026,ok,24
2026-06-13,A,Prog_Diaria_Inicial_Aislado_130626.xlsx,2026,ok,24
2026-06-13,F,Prog_Diaria130626.xlsx,2026,ok,24
2026-06-14,A,Prog_Diaria_Inicial_Aislado_140626.xlsx,2026,ok,24
2026-06-14,F,Prog_Diaria140626.xlsx,2026,ok,24
2026-06-15,A,Prog_Diaria_Inicial_Aislado_150626.xlsx,2026,ok,24
2026-06-15,F,Prog_Diaria150626.xlsx,2026,ok,24
2026-06-16,A,Prog_Diaria_Inicial_Aislado_160626.xlsx,2026,ok,24
2026-06-16,F,Prog_Diaria160626.xlsx,2026,ok,24
2026-06-17,A,Prog_Diaria_Inicial_Aislado_170626.xlsx,2026,ok,24
2026-06-17,F,Prog_Diaria170626.xlsx,2026,ok,24
2026-06-18,A,Prog_Diaria_Inicial_Aislado_180626.xlsx,2026,ok,24
2026-06-18,F,Prog_Diaria180626.xlsx,2026,ok,24
2026-06-19,A,Prog_Diaria_Inicial_Aislado_190626.xlsx,2026,ok,24
2026-06-19,F,Prog_Diaria190626.xlsx,2026,ok,24
2026-06-20,A,Prog_Diaria_Inicial_Aislado_200626.xlsx,2026,ok,24
2026-06-20,F,Prog_Diaria200626.xlsx,2026,ok,24
2026-06-21,A,Prog_Diaria_Inicial_Aislado_210626.xlsx,2026,ok,24
2026-06-21,F,Prog_Diaria210626.xlsx,2026,ok,24
2026-06-22,A,Prog_Diaria_Inicial_Aislado_220626.xlsx,2026,ok,24
2026-06-22,F,Prog_Diaria220626.xlsx,2026,ok,24
2026-06-23,A,Prog_Diaria_Inicial_Aislado_230626.xlsx,2026,ok,24
2026-06-23,F,Prog_Diaria230626.xlsx,2026,ok,24
2026-06-24,A,Prog_Diaria_Inicial_Aislado_240626.xlsx,2026,ok,24
2026-06-24,F,Prog_Diaria240626.xlsx,2026,ok,24
2026-06-25,A,Prog_Diaria_Inicial_Aislado_250626.xlsx,2026,ok,24
2026-06-25,F,Prog_Diaria250626.xlsx,2026,ok,24
2026-06-26,A,Prog_Diaria_Inicial_Aislado_260626.xlsx,2026,ok,24
2026-06-26,F,Prog_Diaria260626.xlsx,2026,ok,24
2026-06-27,A,Prog_Diaria_Inicial_Aislado_270626.xlsx,2026,ok,24
2026-06-27,F,Prog_Diaria270626.xlsx,2026,ok,24
2026-06-28,A,Prog_Diaria_Inicial_Aislado_280626.xlsx,2026,ok,24
2026-06-28,F,Prog_Diaria280626.xlsx,2026,ok,24
2026-06-29,A,Prog_Diaria_Inicial_Aislado_290626.xlsx,2026,ok,24
2026-06-29,F,Prog_Diaria290626.xlsx,2026,ok,24
2026-06-30,A,Prog_Diaria_Inicial_Aislado_300626.xlsx,2026,ok,24
2026-06-30,F,Prog_Diaria300626.xlsx,2026,ok,24
2026-07-01,A,Prog_Diaria_Inicial_Aislado_010726.xlsx,2026,ok,24
2026-07-01,F,Prog_Diaria010726.xlsx,2026,ok,24
2026-07-02,A,Prog_Diaria_Inicial_Aislado_020726.xlsx,2026,ok,24
2026-07-02,F,Prog_Diaria020726.xlsx,2026,ok,24
2026-07-03,A,Prog_Diaria_Inicial_Aislado_030726.xlsx,2026,ok,24
2026-07-03,F,Prog_Diaria030726.xlsx,2026,ok,24
2026-07-04,A,Prog_Diaria_Inicial_Aislado_040726.xlsx,2026,ok,24
2026-07-04,F,Prog_Diaria040726.xlsx,2026,ok,24
2026-07-05,A,Prog_Diaria_Inicial_Aislado_050726.xlsx,2026,ok,24
2026-07-05,F,Prog_Diaria050726.xlsx,2026,ok,24
2026-07-06,A,Prog_Diaria_Inicial_Aislado_060726.xlsx,2026,ok,24
2026-07-06,F,Prog_Diaria060726.xlsx,2026,ok,24
2026-07-07,A,Prog_Diaria_Inicial_Aislado_070726.xlsx,2026,ok,24
2026-07-07,F,Prog_Diaria070726.xlsx,2026,ok,24
2026-07-08,A,Prog_Diaria_Inicial_Aislado_080726.xlsx,2026,ok,24
2026-07-08,F,Prog_Diaria080726.xlsx,2026,ok,24
2026-07-09,A,Prog_Diaria_Inicial_Aislado_090726.xlsx,2026,ok,24
2026-07-09,F,Prog_Diaria090726.xlsx,2026,ok,24
2026-07-10,A,Prog_Diaria_Inicial_Aislado_100726.xlsx,2026,ok,24
2026-07-10,F,Prog_Diaria100726.xlsx,2026,ok,24
2026-07-11,A,Prog_Diaria_Inicial_Aislado_110726.xlsx,2026,ok,24
2026-07-11,F,Prog_Diaria110726.xlsx,2026,ok,24
2026-07-12,A,Prog_Diaria_Inicial_Aislado_120726.xlsx,2026,ok,24
2026-07-12,F,Prog_Diaria120726.xlsx,2026,ok,24
2026-07-13,A,Prog_Diaria_Inicial_Aislado_130726.xlsx,2026,ok,24
2026-07-13,F,Prog_Diaria130726.xlsx,2026,ok,24
2026-07-14,A,Prog_Diaria_Inicial_Aislado_140726.xlsx,2026,ok,24
2026-07-14,F,Prog_Diaria140726.xlsx,2026,ok,24
2026-07-15,A,Prog_Diaria_Inicial_Aislado_150726.xlsx,2026,ok,24
2026-07-15,F,Prog_Diaria150726.xlsx,2026,ok,24
2026-07-16,A,Prog_Diaria_Inicial_Aislado_160726.xlsx,2026,ok,24
2026-07-16,F,Prog_Diaria160726.xlsx,2026,ok,24
2026-07-17,A,Prog_Diaria_Inicial_Aislado_170726.xlsx,2026,ok,24
2026-07-17,F,Prog_Diaria170726.xlsx,2026,ok,24
2026-07-18,A,Prog_Diaria_Inicial_Aislado_180726.xlsx,2026,ok,24
2026-07-18,F,Prog_Diaria180726.xlsx,2026,ok,24
2026-07-19,A,Prog_Diaria_Inicial_Aislado_190726.xlsx,2026,ok,24
2026-07-19,F,Prog_Diaria190726.xlsx,2026,ok,24
2026-07-20,A,Prog_Diaria_Inicial_Aislado_200726.xlsx,2026,ok,24
2026-07-20,F,Prog_Diaria200726.xlsx,2026,ok,24
2026-07-21,A,Prog_Diaria_Inicial_Aislado_210726.xlsx,2026,ok,24
2026-07-21,F,Prog_Diaria210726.xlsx,2026,ok,24
2026-07-22,A,Prog_Diaria_Inicial_Aislado_220726.xlsx,2026,ok,24
2026-07-22,F,Prog_Diaria220726.xlsx,2026,ok,24
2026-07-23,A,Prog_Diaria_Inicial_Aislado_230726.xlsx,2026,ok,24
2026-07-23,F,Prog_Diaria230726.xlsx,2026,ok,24
2026-07-24,A,Prog_Diaria_Inicial_Aislado_240726.xlsx,2026,ok,24
2026-07-24,F,Prog_Diaria240726.xlsx,2026,ok,24
2026-07-25,A,Prog_Diaria_Inicial_Aislado_250726.xlsx,2026,ok,24
2026-07-25,F,Prog_Diaria250726.xlsx,2026,ok,24
2026-07-26,A,Prog_Diaria_Inicial_Aislado_260726.xlsx,2026,ok,24
2026-07-26,F,Prog_Diaria260726.xlsx,2026,ok,24
2026-07-27,A,Prog_Diaria_Inicial_Aislado_270726.xlsx,2026,ok,24
2026-07-27,F,Prog_Diaria270726.xlsx,2026,ok,24
2026-07-28,A,Prog_Diaria_Inicial_Aislado_280726.xlsx,2026,ok,24
2026-07-28,F,Prog_Diaria280726.xlsx,2026,ok,24
2026-07-29,A,Prog_Diaria_Inicial_Aislado_290726.xlsx,2026,ok,24
2026-07-29,F,Prog_Diaria290726.xlsx,2026,ok,24
2026-07-30,A,Prog_Diaria_Inicial_Aislado_300726.xlsx,2026,ok,24
2026-07-30,F,Prog_Diaria300726.xlsx,2026,ok,24
2026-07-31,A,Prog_Diaria_Inicial_Aislado_310726.xlsx,2026,ok,24
2026-07-31,F,Prog_Diaria310726.xlsx,2026,ok,24
2026-08-01,A,Prog_Diaria_Inicial_Aislado_010826.xlsx,2026,ok,24
2026-08-01,F,Prog_Diaria010826.xlsx,2026,ok,24
2026-08-02,A,Prog_Diaria_Inicial_Aislado_020826.xlsx,2026,ok,24
2026-08-02,F,Prog_Diaria020826.xlsx,2026,ok,24
2026-08-03,A,Prog_Diaria_Inicial_Aislado_030826.xlsx,2026,ok,24
2026-08-03,F,Prog_Diaria030826.xlsx,2026,ok,24
2026-08-04,A,Prog_Diaria_Inicial_Aislado_040826.xlsx,2026,ok,24
2026-08-04,F,Prog_Diaria040826.xlsx,2026,ok,24
2026-08-05,A,Prog_Diaria_Inicial_Aislado_050826.xlsx,2026,ok,24
2026-08-05,F,Prog_Diaria050826.xlsx,2026,ok,24
2026-08-06,A,Prog_Diaria_Inicial_Aislado_060826.xlsx,2026,ok,24
2026-08-06,F,Prog_Diaria060826.xlsx,2026,ok,24
2026-08-07,A,Prog_Diaria_Inicial_Aislado_070826.xlsx,2026,ok,24
2026-08-07,F,Prog_Diaria070826.xlsx,2026,ok,24
2026-08-08,A,Prog_Diaria_Inicial_Aislado_080826.xlsx,2026,ok,24
2026-08-08,F,Prog_Diaria080826.xlsx,2026,ok,24
2026-08-09,A,Prog_Diaria_Inicial_Aislado_090826.xlsx,2026,ok,24
2026-08-09,F,Prog_Diaria090826.xlsx,2026,ok,24
2026-08-10,A,Prog_Diaria_Inicial_Aislado_100826.xlsx,2026,ok,24
2026-08-10,F,Prog_Diaria100826.xlsx,2026,ok,24
2026-08-11,A,Prog_Diaria_Inicial_Aislado_110826.xlsx,2026,ok,24
2026-08-11,F,Prog_Diaria110826.xlsx,2026,ok,24
2026-08-12,A,Prog_Diaria_Inicial_Aislado_120826.xlsx,2026,ok,24
2026-08-12,F,Prog_Diaria120826.xlsx,2026,ok,24
2026-08-13,A,Prog_Diaria_Inicial_Aislado_130826.xlsx,2026,ok,24
2026-08-13,F,Prog_Diaria130826.xlsx,2026,ok,24
2026-08-14,A,Prog_Diaria_Inicial_Aislado_140826.xlsx,2026,ok,24
2026-08-14,F,Prog_Diaria140826.xlsx,2026,ok,24
2026-08-15,A,Prog_Diaria_Inicial_Aislado_150826.xlsx,2026,ok,24
2026-08-15,F,Prog_Diaria150826.xlsx,2026,ok,24
2026-08-16,A,Prog_Diaria_Inicial_Aislado_160826.xlsx,2026,ok,24
2026-08-16,F,Prog_Diaria160826.xlsx,2026,ok,24
2026-08-17,A,Prog_Diaria_Inicial_Aislado_170826.xlsx,2026,ok,24
2026-08-17,F,Prog_Diaria170826.xlsx,2026,ok,24
2026-08-18,A,Prog_Diaria_Inicial_Aislado_180826.xlsx,2026,ok,24
2026-08-18,F,Prog_Diaria180826.xlsx,2026,ok,24
2026-08-19,A,Prog_Diaria_Inicial_Aislado_190826.xlsx,2026,ok,24
2026-08-19,F,Prog_Diaria190826.xlsx,2026,ok,24
2026-08-20,A,Prog_Diaria_Inicial_Aislado_200826.xlsx,2026,ok,24
2026-08-20,F,Prog_Diaria200826.xlsx,2026,ok,24
2026-08-21,A,Prog_Diaria_Inicial_Aislado_210826.xlsx,2026,ok,24
2026-08-21,F,Prog_Diaria210826.xlsx,2026,ok,24
2026-08-22,A,Prog_Diaria_Inicial_Aislado_220826.xlsx,2026,ok,24
2026-08-22,F,Prog_Diaria220826.xlsx,2026,ok,24
2026-08-23,A,Prog_Diaria_Inicial_Aislado_230826.xlsx,2026,ok,24
2026-08-23,F,Prog_Diaria230826.xlsx,2026,ok,24
2026-08-24,A,Prog_Diaria_Inicial_Aislado_240826.xlsx,2026,ok,24
2026-08-24,F,Prog_Diaria240826.xlsx,2026,ok,24
2026-08-25,A,Prog_Diaria_Inicial_Aislado_250826.xlsx,2026,ok,24
2026-08-25,F,Prog_Diaria250826.xlsx,2026,ok,24
2026-08-26,A,Prog_Diaria_Inicial_Aislado_260826.xlsx,2026,ok,24
2026-08-26,F,Prog_Diaria260826.xlsx,2026,ok,24
2026-08-27,A,Prog_Diaria_Inicial_Aislado_270826.xlsx,2026,ok,24
2026-08-27,F,Prog_Diaria270826.xlsx,2026,ok,24
2026-08-28,A,Prog_Diaria_Inicial_Aislado_280826.xlsx,2026,ok,24
2026-08-28,F,Prog_Diaria280826.xlsx,2026,ok,24
2026-08-29,A,Prog_Diaria_Inicial_Aislado_290826.xlsx,2026,ok,24
2026-08-29,F,Prog_Diaria290826.xlsx,2026,ok,24
2026-08-30,A,Prog_Diaria_Inicial_Aislado_300826.xlsx,2026,ok,24
2026-08-30,F,Prog_Diaria300826.xlsx,2026,ok,24
2026-08-31,A,Prog_Diaria_Inicial_Aislado_310826.xlsx,2026,ok,24
2026-08-31,F,Prog_Diaria310826.xlsx,2026,ok,24
2026-09-01,A,Prog_Diaria_Inicial_Aislado_010926.xlsx,2026,ok,24
2026-09-01,F,Prog_Diaria010926.xlsx,2026,ok,24
2026-09-02,A,Prog_Diaria_Inicial_Aislado_020926.xlsx,2026,ok,24
2026-09-02,F,Prog_Diaria020926.xlsx,2026,ok,24
2026-09-03,A,Prog_Diaria_Inicial_Aislado_030926.xlsx,2026,ok,24
2026-09-03,F,Prog_Diaria030926.xlsx,2026,ok,24
2026-09-04,A,Prog_Diaria_Inicial_Aislado_040926.xlsx,2026,ok,24
2026-09-04,F,Prog_Diaria040926.xlsx,2026,ok,24
2026-09-05,A,Prog_Diaria_Inicial_Aislado_050926.xlsx,2026,ok,24
2026-09-05,F,Prog_Diaria050926.xlsx,2026,ok,24
2026-09-06,A,Prog_Diaria_Inicial_Aislado_060926.xlsx,2026,ok,24
2026-09-06,F,Prog_Diaria060926.xlsx,2026,ok,24
2026-09-07,A,Prog_Diaria_Inicial_Aislado_070926.xlsx,2026,ok,24
2026-09-07,F,Prog_Diaria070926.xlsx,2026,ok,24
2026-09-08,A,Prog_Diaria_Inicial_Aislado_080926.xlsx,2026,ok,24
2026-09-08,F,Prog_Diaria080926.xlsx,2026,ok,24
2026-09-09,A,Prog_Diaria_Inicial_Aislado_090926.xlsx,2026,ok,24
2026-09-09,F,Prog_Diaria090926.xlsx,2026,ok,24
2026-09-10,A,Prog_Diaria_Inicial_Aislado_100926.xlsx,2026,ok,24
2026-09-10,F,Prog_Diaria100926.xlsx,2026,ok,24
2026-09-11,A,Prog_Diaria_Inicial_Aislado_110926.xlsx,2026,ok,24
2026-09-11,F,Prog_Diaria110926.xlsx,2026,ok,24
2026-09-12,A,Prog_Diaria_Inicial_Aislado_120926.xlsx,2026,ok,24
2026-09-12,F,Prog_Diaria120926.xlsx,2026,ok,24
2026-09-13,A,Prog_Diaria_Inicial_Aislado_130926.xlsx,2026,ok,24
2026-09-13,F,Prog_Diaria130926.xlsx,2026,ok,24
2026-09-14,A,Prog_Diaria_Inicial_Aislado_140926.xlsx,2026,ok,24
2026-09-14,F,Prog_Diaria140926.xlsx,2026,ok,24
2026-09-15,A,Prog_Diaria_Inicial_Aislado_150926.xlsx,2026,ok,24
2026-09-15,F,Prog_Diaria150926.xlsx,2026,ok,24
2026-09-16,A,Prog_Diaria_Inicial_Aislado_160926.xlsx,2026,ok,24
2026-09-16,F,Prog_Diaria160926.xlsx,2026,ok,24
2026-09-17,A,Prog_Diaria_Inicial_Aislado_170926.xlsx,2026,ok,24
2026-09-17,F,Prog_Diaria170926.xlsx,2026,ok,24
2026-09-18,A,Prog_Diaria_Inicial_Aislado_180926.xlsx,2026,ok,24
2026-09-18,F,Prog_Diaria180926.xlsx,2026,ok,24
2026-09-19,A,Prog_Diaria_Inicial_Aislado_190926.xlsx,2026,ok,24
2026-09-19,F,Prog_Diaria190926.xlsx,2026,ok,24
2026-09-20,A,Prog_Diaria_Inicial_Aislado_200926.xlsx,2026,ok,24
2026-09-20,F,Prog_Diaria200926.xlsx,2026,ok,24
2026-09-21,A,Prog_Diaria_Inicial_Aislado_210926.xlsx,2026,ok,24
2026-09-21,F,Prog_Diaria210926.xlsx,2026,ok,24
2026-09-22,A,Prog_Diaria_Inicial_Aislado_220926.xlsx,2026,ok,24
2026-09-22,F,Prog_Diaria220926.xlsx,2026,ok,24
2026-09-23,A,Prog_Diaria_Inicial_Aislado_230926.xlsx,2026,ok,24
2026-09-23,F,Prog_Diaria230926.xlsx,2026,ok,24
2026-09-24,A,Prog_Diaria_Inicial_Aislado_240926.xlsx,2026,ok,24
2026-09-24,F,Prog_Diaria240926.xlsx,2026,ok,24
2026-09-25,A,Prog_Diaria_Inicial_Aislado_250926.xlsx,2026,ok,24
2026-09-25,F,Prog_Diaria250926.xlsx,2026,ok,24
2026-09-26,A,Prog_Diaria_Inicial_Aislado_260926.xlsx,2026,ok,24
2026-09-26,F,Prog_Diaria260926.xlsx,2026,ok,24
2026-09-27,A,Prog_Diaria_Inicial_Aislado_270926.xlsx,2026,ok,24
2026-09-27,F,Prog_Diaria270926.xlsx,2026,ok,24
2026-09-28,A,Prog_Diaria_Inicial_Aislado_280926.xlsx,2026,ok,24
2026-09-28,F,Prog_Diaria280926.xlsx,2026,ok,24
2026-09-29,A,Prog_Diaria_Inicial_Aislado_290926.xlsx,2026,ok,24
2026-09-29,F,Prog_Diaria290926.xlsx,2026,ok,24
2026-09-30,A,Prog_Diaria_Inicial_Aislado_300926.xlsx,2026,ok,24
2026-09-30,F,Prog_Diaria300926.xlsx,2026,ok,24
2026-10-01,A,Prog_Diaria_Inicial_Aislado_011026.xlsx,2026,ok,24
2026-10-01,F,Prog_Diaria011026.xlsx,2026,ok,24
2026-10-02,A,Prog_Diaria_Inicial_Aislado_021026.xlsx,2026,ok,24
2026-10-02,F,Prog_Diaria021026.xlsx,2026,ok,24
